tahun,bulan ,wilayah,metode_kontrasepsi,jenis_fasilitasi_kesehatan,jumlah
2018,1,Jakarta Pusat,IUD,Fasilitas Kesehatan KB Pemerintah,18178
2018,1,Jakarta Pusat,IUD,Fasilitas Kesehatan KB Swasta,12393
2018,1,Jakarta Pusat,MOW,Fasilitas Kesehatan KB Pemerintah,3176
2018,1,Jakarta Pusat,MOW,Fasilitas Kesehatan KB Swasta,2227
2018,1,Jakarta Pusat,MOP,Fasilitas Kesehatan KB Pemerintah,1342
2018,1,Jakarta Pusat,MOP,Fasilitas Kesehatan KB Swasta,710
2018,1,Jakarta Pusat,KONDOM,Fasilitas Kesehatan KB Pemerintah,5092
2018,1,Jakarta Pusat,KONDOM,Fasilitas Kesehatan KB Swasta,3464
2018,1,Jakarta Pusat,IMPLANT,Fasilitas Kesehatan KB Pemerintah,8799
2018,1,Jakarta Pusat,IMPLANT,Fasilitas Kesehatan KB Swasta,2523
2018,1,Jakarta Pusat,SUNTIKAN,Fasilitas Kesehatan KB Pemerintah,19081
2018,1,Jakarta Pusat,SUNTIKAN,Fasilitas Kesehatan KB Swasta,15410
2018,1,Jakarta Pusat,PIL,Fasilitas Kesehatan KB Pemerintah,16035
2018,1,Jakarta Pusat,PIL,Fasilitas Kesehatan KB Swasta,13268
2018,1,Jakarta Utara,IUD,Fasilitas Kesehatan KB Pemerintah,20947
2018,1,Jakarta Utara,IUD,Fasilitas Kesehatan KB Swasta,35065
2018,1,Jakarta Utara,MOW,Fasilitas Kesehatan KB Pemerintah,6506
2018,1,Jakarta Utara,MOW,Fasilitas Kesehatan KB Swasta,7951
2018,1,Jakarta Utara,MOP,Fasilitas Kesehatan KB Pemerintah,4913
2018,1,Jakarta Utara,MOP,Fasilitas Kesehatan KB Swasta,2279
2018,1,Jakarta Utara,KONDOM,Fasilitas Kesehatan KB Pemerintah,10818
2018,1,Jakarta Utara,KONDOM,Fasilitas Kesehatan KB Swasta,6698
2018,1,Jakarta Utara,IMPLANT,Fasilitas Kesehatan KB Pemerintah,27131
2018,1,Jakarta Utara,IMPLANT,Fasilitas Kesehatan KB Swasta,12724
2018,1,Jakarta Utara,SUNTIKAN,Fasilitas Kesehatan KB Pemerintah,41505
2018,1,Jakarta Utara,SUNTIKAN,Fasilitas Kesehatan KB Swasta,59873
2018,1,Jakarta Utara,PIL,Fasilitas Kesehatan KB Pemerintah,34251
2018,1,Jakarta Utara,PIL,Fasilitas Kesehatan KB Swasta,38824
2018,1,Jakarta Barat,IUD,Fasilitas Kesehatan KB Pemerintah,29625
2018,1,Jakarta Barat,IUD,Fasilitas Kesehatan KB Swasta,36958
2018,1,Jakarta Barat,MOW,Fasilitas Kesehatan KB Pemerintah,4956
2018,1,Jakarta Barat,MOW,Fasilitas Kesehatan KB Swasta,6080
2018,1,Jakarta Barat,MOP,Fasilitas Kesehatan KB Pemerintah,1456
2018,1,Jakarta Barat,MOP,Fasilitas Kesehatan KB Swasta,1923
2018,1,Jakarta Barat,KONDOM,Fasilitas Kesehatan KB Pemerintah,5091
2018,1,Jakarta Barat,KONDOM,Fasilitas Kesehatan KB Swasta,6662
2018,1,Jakarta Barat,IMPLANT,Fasilitas Kesehatan KB Pemerintah,16303
2018,1,Jakarta Barat,IMPLANT,Fasilitas Kesehatan KB Swasta,18892
2018,1,Jakarta Barat,SUNTIKAN,Fasilitas Kesehatan KB Pemerintah,61289
2018,1,Jakarta Barat,SUNTIKAN,Fasilitas Kesehatan KB Swasta,81019
2018,1,Jakarta Barat,PIL,Fasilitas Kesehatan KB Pemerintah,35150
2018,1,Jakarta Barat,PIL,Fasilitas Kesehatan KB Swasta,46392
2018,1,Jakarta Selatan,IUD,Fasilitas Kesehatan KB Pemerintah,29693
2018,1,Jakarta Selatan,IUD,Fasilitas Kesehatan KB Swasta,26291
2018,1,Jakarta Selatan,MOW,Fasilitas Kesehatan KB Pemerintah,4561
2018,1,Jakarta Selatan,MOW,Fasilitas Kesehatan KB Swasta,3461
2018,1,Jakarta Selatan,MOP,Fasilitas Kesehatan KB Pemerintah,1098
2018,1,Jakarta Selatan,MOP,Fasilitas Kesehatan KB Swasta,499
2018,1,Jakarta Selatan,KONDOM,Fasilitas Kesehatan KB Pemerintah,6229
2018,1,Jakarta Selatan,KONDOM,Fasilitas Kesehatan KB Swasta,7203
2018,1,Jakarta Selatan,IMPLANT,Fasilitas Kesehatan KB Pemerintah,10272
2018,1,Jakarta Selatan,IMPLANT,Fasilitas Kesehatan KB Swasta,5681
2018,1,Jakarta Selatan,SUNTIKAN,Fasilitas Kesehatan KB Pemerintah,42687
2018,1,Jakarta Selatan,SUNTIKAN,Fasilitas Kesehatan KB Swasta,53907
2018,1,Jakarta Selatan,PIL,Fasilitas Kesehatan KB Pemerintah,26035
2018,1,Jakarta Selatan,PIL,Fasilitas Kesehatan KB Swasta,31122
2018,1,Jakarta Timur,IUD,Fasilitas Kesehatan KB Pemerintah,39393
2018,1,Jakarta Timur,IUD,Fasilitas Kesehatan KB Swasta,41858
2018,1,Jakarta Timur,MOW,Fasilitas Kesehatan KB Pemerintah,8500
2018,1,Jakarta Timur,MOW,Fasilitas Kesehatan KB Swasta,5383
2018,1,Jakarta Timur,MOP,Fasilitas Kesehatan KB Pemerintah,1863
2018,1,Jakarta Timur,MOP,Fasilitas Kesehatan KB Swasta,565
2018,1,Jakarta Timur,KONDOM,Fasilitas Kesehatan KB Pemerintah,9688
2018,1,Jakarta Timur,KONDOM,Fasilitas Kesehatan KB Swasta,12574
2018,1,Jakarta Timur,IMPLANT,Fasilitas Kesehatan KB Pemerintah,19248
2018,1,Jakarta Timur,IMPLANT,Fasilitas Kesehatan KB Swasta,11248
2018,1,Jakarta Timur,SUNTIKAN,Fasilitas Kesehatan KB Pemerintah,51478
2018,1,Jakarta Timur,SUNTIKAN,Fasilitas Kesehatan KB Swasta,86386
2018,1,Jakarta Timur,PIL,Fasilitas Kesehatan KB Pemerintah,36650
2018,1,Jakarta Timur,PIL,Fasilitas Kesehatan KB Swasta,61444
2018,1,Kepulauan Seribu,IUD,Fasilitas Kesehatan KB Pemerintah,284
2018,1,Kepulauan Seribu,IUD,Fasilitas Kesehatan KB Swasta,0
2018,1,Kepulauan Seribu,MOW,Fasilitas Kesehatan KB Pemerintah,189
2018,1,Kepulauan Seribu,MOW,Fasilitas Kesehatan KB Swasta,0
2018,1,Kepulauan Seribu,MOP,Fasilitas Kesehatan KB Pemerintah,28
2018,1,Kepulauan Seribu,MOP,Fasilitas Kesehatan KB Swasta,0
2018,1,Kepulauan Seribu,KONDOM,Fasilitas Kesehatan KB Pemerintah,106
2018,1,Kepulauan Seribu,KONDOM,Fasilitas Kesehatan KB Swasta,0
2018,1,Kepulauan Seribu,IMPLANT,Fasilitas Kesehatan KB Pemerintah,380
2018,1,Kepulauan Seribu,IMPLANT,Fasilitas Kesehatan KB Swasta,0
2018,1,Kepulauan Seribu,SUNTIKAN,Fasilitas Kesehatan KB Pemerintah,2617
2018,1,Kepulauan Seribu,SUNTIKAN,Fasilitas Kesehatan KB Swasta,0
2018,1,Kepulauan Seribu,PIL,Fasilitas Kesehatan KB Pemerintah,986
2018,1,Kepulauan Seribu,PIL,Fasilitas Kesehatan KB Swasta,0
2018,2,Jakarta Pusat,IUD,Fasilitas Kesehatan KB Pemerintah,18271
2018,2,Jakarta Pusat,IUD,Fasilitas Kesehatan KB Swasta,12463
2018,2,Jakarta Pusat,MOW,Fasilitas Kesehatan KB Pemerintah,3157
2018,2,Jakarta Pusat,MOW,Fasilitas Kesehatan KB Swasta,2227
2018,2,Jakarta Pusat,MOP,Fasilitas Kesehatan KB Pemerintah,1367
2018,2,Jakarta Pusat,MOP,Fasilitas Kesehatan KB Swasta,697
2018,2,Jakarta Pusat,KONDOM,Fasilitas Kesehatan KB Pemerintah,5141
2018,2,Jakarta Pusat,KONDOM,Fasilitas Kesehatan KB Swasta,3446
2018,2,Jakarta Pusat,IMPLANT,Fasilitas Kesehatan KB Pemerintah,8827
2018,2,Jakarta Pusat,IMPLANT,Fasilitas Kesehatan KB Swasta,2525
2018,2,Jakarta Pusat,SUNTIKAN,Fasilitas Kesehatan KB Pemerintah,20487
2018,2,Jakarta Pusat,SUNTIKAN,Fasilitas Kesehatan KB Swasta,16395
2018,2,Jakarta Pusat,PIL,Fasilitas Kesehatan KB Pemerintah,16077
2018,2,Jakarta Pusat,PIL,Fasilitas Kesehatan KB Swasta,13334
2018,2,Jakarta Utara,IUD,Fasilitas Kesehatan KB Pemerintah,20286
2018,2,Jakarta Utara,IUD,Fasilitas Kesehatan KB Swasta,33915
2018,2,Jakarta Utara,MOW,Fasilitas Kesehatan KB Pemerintah,6558
2018,2,Jakarta Utara,MOW,Fasilitas Kesehatan KB Swasta,7388
2018,2,Jakarta Utara,MOP,Fasilitas Kesehatan KB Pemerintah,4785
2018,2,Jakarta Utara,MOP,Fasilitas Kesehatan KB Swasta,2221
2018,2,Jakarta Utara,KONDOM,Fasilitas Kesehatan KB Pemerintah,10131
2018,2,Jakarta Utara,KONDOM,Fasilitas Kesehatan KB Swasta,6811
2018,2,Jakarta Utara,IMPLANT,Fasilitas Kesehatan KB Pemerintah,26353
2018,2,Jakarta Utara,IMPLANT,Fasilitas Kesehatan KB Swasta,12228
2018,2,Jakarta Utara,SUNTIKAN,Fasilitas Kesehatan KB Pemerintah,38201
2018,2,Jakarta Utara,SUNTIKAN,Fasilitas Kesehatan KB Swasta,58975
2018,2,Jakarta Utara,PIL,Fasilitas Kesehatan KB Pemerintah,35058
2018,2,Jakarta Utara,PIL,Fasilitas Kesehatan KB Swasta,34179
2018,2,Jakarta Barat,IUD,Fasilitas Kesehatan KB Pemerintah,29890
2018,2,Jakarta Barat,IUD,Fasilitas Kesehatan KB Swasta,37233
2018,2,Jakarta Barat,MOW,Fasilitas Kesehatan KB Pemerintah,5014
2018,2,Jakarta Barat,MOW,Fasilitas Kesehatan KB Swasta,6130
2018,2,Jakarta Barat,MOP,Fasilitas Kesehatan KB Pemerintah,1457
2018,2,Jakarta Barat,MOP,Fasilitas Kesehatan KB Swasta,1924
2018,2,Jakarta Barat,KONDOM,Fasilitas Kesehatan KB Pemerintah,5123
2018,2,Jakarta Barat,KONDOM,Fasilitas Kesehatan KB Swasta,6707
2018,2,Jakarta Barat,IMPLANT,Fasilitas Kesehatan KB Pemerintah,16572
2018,2,Jakarta Barat,IMPLANT,Fasilitas Kesehatan KB Swasta,19044
2018,2,Jakarta Barat,SUNTIKAN,Fasilitas Kesehatan KB Pemerintah,61383
2018,2,Jakarta Barat,SUNTIKAN,Fasilitas Kesehatan KB Swasta,81141
2018,2,Jakarta Barat,PIL,Fasilitas Kesehatan KB Pemerintah,35159
2018,2,Jakarta Barat,PIL,Fasilitas Kesehatan KB Swasta,46405
2018,2,Jakarta Selatan,IUD,Fasilitas Kesehatan KB Pemerintah,29909
2018,2,Jakarta Selatan,IUD,Fasilitas Kesehatan KB Swasta,26685
2018,2,Jakarta Selatan,MOW,Fasilitas Kesehatan KB Pemerintah,4599
2018,2,Jakarta Selatan,MOW,Fasilitas Kesehatan KB Swasta,3509
2018,2,Jakarta Selatan,MOP,Fasilitas Kesehatan KB Pemerintah,1095
2018,2,Jakarta Selatan,MOP,Fasilitas Kesehatan KB Swasta,484
2018,2,Jakarta Selatan,KONDOM,Fasilitas Kesehatan KB Pemerintah,6757
2018,2,Jakarta Selatan,KONDOM,Fasilitas Kesehatan KB Swasta,7591
2018,2,Jakarta Selatan,IMPLANT,Fasilitas Kesehatan KB Pemerintah,10369
2018,2,Jakarta Selatan,IMPLANT,Fasilitas Kesehatan KB Swasta,5766
2018,2,Jakarta Selatan,SUNTIKAN,Fasilitas Kesehatan KB Pemerintah,42540
2018,2,Jakarta Selatan,SUNTIKAN,Fasilitas Kesehatan KB Swasta,53199
2018,2,Jakarta Selatan,PIL,Fasilitas Kesehatan KB Pemerintah,26405
2018,2,Jakarta Selatan,PIL,Fasilitas Kesehatan KB Swasta,30953
2018,2,Jakarta Timur,IUD,Fasilitas Kesehatan KB Pemerintah,39438
2018,2,Jakarta Timur,IUD,Fasilitas Kesehatan KB Swasta,42184
2018,2,Jakarta Timur,MOW,Fasilitas Kesehatan KB Pemerintah,8463
2018,2,Jakarta Timur,MOW,Fasilitas Kesehatan KB Swasta,5418
2018,2,Jakarta Timur,MOP,Fasilitas Kesehatan KB Pemerintah,1862
2018,2,Jakarta Timur,MOP,Fasilitas Kesehatan KB Swasta,573
2018,2,Jakarta Timur,KONDOM,Fasilitas Kesehatan KB Pemerintah,9837
2018,2,Jakarta Timur,KONDOM,Fasilitas Kesehatan KB Swasta,12376
2018,2,Jakarta Timur,IMPLANT,Fasilitas Kesehatan KB Pemerintah,19100
2018,2,Jakarta Timur,IMPLANT,Fasilitas Kesehatan KB Swasta,11439
2018,2,Jakarta Timur,SUNTIKAN,Fasilitas Kesehatan KB Pemerintah,53024
2018,2,Jakarta Timur,SUNTIKAN,Fasilitas Kesehatan KB Swasta,83043
2018,2,Jakarta Timur,PIL,Fasilitas Kesehatan KB Pemerintah,38937
2018,2,Jakarta Timur,PIL,Fasilitas Kesehatan KB Swasta,62283
2018,2,Kepulauan Seribu,IUD,Fasilitas Kesehatan KB Pemerintah,287
2018,2,Kepulauan Seribu,IUD,Fasilitas Kesehatan KB Swasta,0
2018,2,Kepulauan Seribu,MOW,Fasilitas Kesehatan KB Pemerintah,189
2018,2,Kepulauan Seribu,MOW,Fasilitas Kesehatan KB Swasta,0
2018,2,Kepulauan Seribu,MOP,Fasilitas Kesehatan KB Pemerintah,28
2018,2,Kepulauan Seribu,MOP,Fasilitas Kesehatan KB Swasta,0
2018,2,Kepulauan Seribu,KONDOM,Fasilitas Kesehatan KB Pemerintah,102
2018,2,Kepulauan Seribu,KONDOM,Fasilitas Kesehatan KB Swasta,0
2018,2,Kepulauan Seribu,IMPLANT,Fasilitas Kesehatan KB Pemerintah,384
2018,2,Kepulauan Seribu,IMPLANT,Fasilitas Kesehatan KB Swasta,0
2018,2,Kepulauan Seribu,SUNTIKAN,Fasilitas Kesehatan KB Pemerintah,2621
2018,2,Kepulauan Seribu,SUNTIKAN,Fasilitas Kesehatan KB Swasta,0
2018,2,Kepulauan Seribu,PIL,Fasilitas Kesehatan KB Pemerintah,987
2018,2,Kepulauan Seribu,PIL,Fasilitas Kesehatan KB Swasta,0
2018,3,Jakarta Pusat,IUD,Fasilitas Kesehatan KB Pemerintah,18410
2018,3,Jakarta Pusat,IUD,Fasilitas Kesehatan KB Swasta,12460
2018,3,Jakarta Pusat,MOW,Fasilitas Kesehatan KB Pemerintah,3172
2018,3,Jakarta Pusat,MOW,Fasilitas Kesehatan KB Swasta,2228
2018,3,Jakarta Pusat,MOP,Fasilitas Kesehatan KB Pemerintah,1376
2018,3,Jakarta Pusat,MOP,Fasilitas Kesehatan KB Swasta,696
2018,3,Jakarta Pusat,KONDOM,Fasilitas Kesehatan KB Pemerintah,5238
2018,3,Jakarta Pusat,KONDOM,Fasilitas Kesehatan KB Swasta,3410
2018,3,Jakarta Pusat,IMPLANT,Fasilitas Kesehatan KB Pemerintah,8825
2018,3,Jakarta Pusat,IMPLANT,Fasilitas Kesehatan KB Swasta,2589
2018,3,Jakarta Pusat,SUNTIKAN,Fasilitas Kesehatan KB Pemerintah,20189
2018,3,Jakarta Pusat,SUNTIKAN,Fasilitas Kesehatan KB Swasta,16795
2018,3,Jakarta Pusat,PIL,Fasilitas Kesehatan KB Pemerintah,16118
2018,3,Jakarta Pusat,PIL,Fasilitas Kesehatan KB Swasta,13308
2018,3,Jakarta Utara,IUD,Fasilitas Kesehatan KB Pemerintah,20196
2018,3,Jakarta Utara,IUD,Fasilitas Kesehatan KB Swasta,34231
2018,3,Jakarta Utara,MOW,Fasilitas Kesehatan KB Pemerintah,6535
2018,3,Jakarta Utara,MOW,Fasilitas Kesehatan KB Swasta,7433
2018,3,Jakarta Utara,MOP,Fasilitas Kesehatan KB Pemerintah,4817
2018,3,Jakarta Utara,MOP,Fasilitas Kesehatan KB Swasta,2194
2018,3,Jakarta Utara,KONDOM,Fasilitas Kesehatan KB Pemerintah,9428
2018,3,Jakarta Utara,KONDOM,Fasilitas Kesehatan KB Swasta,7654
2018,3,Jakarta Utara,IMPLANT,Fasilitas Kesehatan KB Pemerintah,26335
2018,3,Jakarta Utara,IMPLANT,Fasilitas Kesehatan KB Swasta,12463
2018,3,Jakarta Utara,SUNTIKAN,Fasilitas Kesehatan KB Pemerintah,39140
2018,3,Jakarta Utara,SUNTIKAN,Fasilitas Kesehatan KB Swasta,58223
2018,3,Jakarta Utara,PIL,Fasilitas Kesehatan KB Pemerintah,35441
2018,3,Jakarta Utara,PIL,Fasilitas Kesehatan KB Swasta,33801
2018,3,Jakarta Barat,IUD,Fasilitas Kesehatan KB Pemerintah,29941
2018,3,Jakarta Barat,IUD,Fasilitas Kesehatan KB Swasta,37355
2018,3,Jakarta Barat,MOW,Fasilitas Kesehatan KB Pemerintah,5008
2018,3,Jakarta Barat,MOW,Fasilitas Kesehatan KB Swasta,6147
2018,3,Jakarta Barat,MOP,Fasilitas Kesehatan KB Pemerintah,1457
2018,3,Jakarta Barat,MOP,Fasilitas Kesehatan KB Swasta,1924
2018,3,Jakarta Barat,KONDOM,Fasilitas Kesehatan KB Pemerintah,5151
2018,3,Jakarta Barat,KONDOM,Fasilitas Kesehatan KB Swasta,6741
2018,3,Jakarta Barat,IMPLANT,Fasilitas Kesehatan KB Pemerintah,16510
2018,3,Jakarta Barat,IMPLANT,Fasilitas Kesehatan KB Swasta,19129
2018,3,Jakarta Barat,SUNTIKAN,Fasilitas Kesehatan KB Pemerintah,61518
2018,3,Jakarta Barat,SUNTIKAN,Fasilitas Kesehatan KB Swasta,81320
2018,3,Jakarta Barat,PIL,Fasilitas Kesehatan KB Pemerintah,35203
2018,3,Jakarta Barat,PIL,Fasilitas Kesehatan KB Swasta,46462
2018,3,Jakarta Selatan,IUD,Fasilitas Kesehatan KB Pemerintah,30078
2018,3,Jakarta Selatan,IUD,Fasilitas Kesehatan KB Swasta,26858
2018,3,Jakarta Selatan,MOW,Fasilitas Kesehatan KB Pemerintah,4629
2018,3,Jakarta Selatan,MOW,Fasilitas Kesehatan KB Swasta,3546
2018,3,Jakarta Selatan,MOP,Fasilitas Kesehatan KB Pemerintah,1096
2018,3,Jakarta Selatan,MOP,Fasilitas Kesehatan KB Swasta,485
2018,3,Jakarta Selatan,KONDOM,Fasilitas Kesehatan KB Pemerintah,6700
2018,3,Jakarta Selatan,KONDOM,Fasilitas Kesehatan KB Swasta,7629
2018,3,Jakarta Selatan,IMPLANT,Fasilitas Kesehatan KB Pemerintah,10429
2018,3,Jakarta Selatan,IMPLANT,Fasilitas Kesehatan KB Swasta,5873
2018,3,Jakarta Selatan,SUNTIKAN,Fasilitas Kesehatan KB Pemerintah,42719
2018,3,Jakarta Selatan,SUNTIKAN,Fasilitas Kesehatan KB Swasta,53125
2018,3,Jakarta Selatan,PIL,Fasilitas Kesehatan KB Pemerintah,26309
2018,3,Jakarta Selatan,PIL,Fasilitas Kesehatan KB Swasta,30994
2018,3,Jakarta Timur,IUD,Fasilitas Kesehatan KB Pemerintah,39711
2018,3,Jakarta Timur,IUD,Fasilitas Kesehatan KB Swasta,42273
2018,3,Jakarta Timur,MOW,Fasilitas Kesehatan KB Pemerintah,8535
2018,3,Jakarta Timur,MOW,Fasilitas Kesehatan KB Swasta,5385
2018,3,Jakarta Timur,MOP,Fasilitas Kesehatan KB Pemerintah,1870
2018,3,Jakarta Timur,MOP,Fasilitas Kesehatan KB Swasta,569
2018,3,Jakarta Timur,KONDOM,Fasilitas Kesehatan KB Pemerintah,9854
2018,3,Jakarta Timur,KONDOM,Fasilitas Kesehatan KB Swasta,12310
2018,3,Jakarta Timur,IMPLANT,Fasilitas Kesehatan KB Pemerintah,19242
2018,3,Jakarta Timur,IMPLANT,Fasilitas Kesehatan KB Swasta,11427
2018,3,Jakarta Timur,SUNTIKAN,Fasilitas Kesehatan KB Pemerintah,53137
2018,3,Jakarta Timur,SUNTIKAN,Fasilitas Kesehatan KB Swasta,83330
2018,3,Jakarta Timur,PIL,Fasilitas Kesehatan KB Pemerintah,38966
2018,3,Jakarta Timur,PIL,Fasilitas Kesehatan KB Swasta,62341
2018,3,Kepulauan Seribu,IUD,Fasilitas Kesehatan KB Pemerintah,291
2018,3,Kepulauan Seribu,IUD,Fasilitas Kesehatan KB Swasta,0
2018,3,Kepulauan Seribu,MOW,Fasilitas Kesehatan KB Pemerintah,189
2018,3,Kepulauan Seribu,MOW,Fasilitas Kesehatan KB Swasta,0
2018,3,Kepulauan Seribu,MOP,Fasilitas Kesehatan KB Pemerintah,28
2018,3,Kepulauan Seribu,MOP,Fasilitas Kesehatan KB Swasta,0
2018,3,Kepulauan Seribu,KONDOM,Fasilitas Kesehatan KB Pemerintah,102
2018,3,Kepulauan Seribu,KONDOM,Fasilitas Kesehatan KB Swasta,0
2018,3,Kepulauan Seribu,IMPLANT,Fasilitas Kesehatan KB Pemerintah,389
2018,3,Kepulauan Seribu,IMPLANT,Fasilitas Kesehatan KB Swasta,0
2018,3,Kepulauan Seribu,SUNTIKAN,Fasilitas Kesehatan KB Pemerintah,2619
2018,3,Kepulauan Seribu,SUNTIKAN,Fasilitas Kesehatan KB Swasta,0
2018,3,Kepulauan Seribu,PIL,Fasilitas Kesehatan KB Pemerintah,987
2018,3,Kepulauan Seribu,PIL,Fasilitas Kesehatan KB Swasta,0
2018,4,Jakarta Pusat,IUD,Fasilitas Kesehatan KB Pemerintah,18527
2018,4,Jakarta Pusat,IUD,Fasilitas Kesehatan KB Swasta,12482
2018,4,Jakarta Pusat,MOW,Fasilitas Kesehatan KB Pemerintah,3183
2018,4,Jakarta Pusat,MOW,Fasilitas Kesehatan KB Swasta,2229
2018,4,Jakarta Pusat,MOP,Fasilitas Kesehatan KB Pemerintah,1377
2018,4,Jakarta Pusat,MOP,Fasilitas Kesehatan KB Swasta,696
2018,4,Jakarta Pusat,KONDOM,Fasilitas Kesehatan KB Pemerintah,5253
2018,4,Jakarta Pusat,KONDOM,Fasilitas Kesehatan KB Swasta,3466
2018,4,Jakarta Pusat,IMPLANT,Fasilitas Kesehatan KB Pemerintah,8888
2018,4,Jakarta Pusat,IMPLANT,Fasilitas Kesehatan KB Swasta,2589
2018,4,Jakarta Pusat,SUNTIKAN,Fasilitas Kesehatan KB Pemerintah,20320
2018,4,Jakarta Pusat,SUNTIKAN,Fasilitas Kesehatan KB Swasta,16818
2018,4,Jakarta Pusat,PIL,Fasilitas Kesehatan KB Pemerintah,16162
2018,4,Jakarta Pusat,PIL,Fasilitas Kesehatan KB Swasta,13312
2018,4,Jakarta Utara,IUD,Fasilitas Kesehatan KB Pemerintah,20391
2018,4,Jakarta Utara,IUD,Fasilitas Kesehatan KB Swasta,34287
2018,4,Jakarta Utara,MOW,Fasilitas Kesehatan KB Pemerintah,6553
2018,4,Jakarta Utara,MOW,Fasilitas Kesehatan KB Swasta,7436
2018,4,Jakarta Utara,MOP,Fasilitas Kesehatan KB Pemerintah,4819
2018,4,Jakarta Utara,MOP,Fasilitas Kesehatan KB Swasta,2195
2018,4,Jakarta Utara,KONDOM,Fasilitas Kesehatan KB Pemerintah,9538
2018,4,Jakarta Utara,KONDOM,Fasilitas Kesehatan KB Swasta,7684
2018,4,Jakarta Utara,IMPLANT,Fasilitas Kesehatan KB Pemerintah,26476
2018,4,Jakarta Utara,IMPLANT,Fasilitas Kesehatan KB Swasta,12525
2018,4,Jakarta Utara,SUNTIKAN,Fasilitas Kesehatan KB Pemerintah,39266
2018,4,Jakarta Utara,SUNTIKAN,Fasilitas Kesehatan KB Swasta,58272
2018,4,Jakarta Utara,PIL,Fasilitas Kesehatan KB Pemerintah,35495
2018,4,Jakarta Utara,PIL,Fasilitas Kesehatan KB Swasta,33756
2018,4,Jakarta Barat,IUD,Fasilitas Kesehatan KB Pemerintah,30056
2018,4,Jakarta Barat,IUD,Fasilitas Kesehatan KB Swasta,37493
2018,4,Jakarta Barat,MOW,Fasilitas Kesehatan KB Pemerintah,5015
2018,4,Jakarta Barat,MOW,Fasilitas Kesehatan KB Swasta,6151
2018,4,Jakarta Barat,MOP,Fasilitas Kesehatan KB Pemerintah,1458
2018,4,Jakarta Barat,MOP,Fasilitas Kesehatan KB Swasta,1925
2018,4,Jakarta Barat,KONDOM,Fasilitas Kesehatan KB Pemerintah,5171
2018,4,Jakarta Barat,KONDOM,Fasilitas Kesehatan KB Swasta,6766
2018,4,Jakarta Barat,IMPLANT,Fasilitas Kesehatan KB Pemerintah,16543
2018,4,Jakarta Barat,IMPLANT,Fasilitas Kesehatan KB Swasta,19170
2018,4,Jakarta Barat,SUNTIKAN,Fasilitas Kesehatan KB Pemerintah,61635
2018,4,Jakarta Barat,SUNTIKAN,Fasilitas Kesehatan KB Swasta,81476
2018,4,Jakarta Barat,PIL,Fasilitas Kesehatan KB Pemerintah,35263
2018,4,Jakarta Barat,PIL,Fasilitas Kesehatan KB Swasta,46542
2018,4,Jakarta Selatan,IUD,Fasilitas Kesehatan KB Pemerintah,30275
2018,4,Jakarta Selatan,IUD,Fasilitas Kesehatan KB Swasta,26954
2018,4,Jakarta Selatan,MOW,Fasilitas Kesehatan KB Pemerintah,4636
2018,4,Jakarta Selatan,MOW,Fasilitas Kesehatan KB Swasta,3596
2018,4,Jakarta Selatan,MOP,Fasilitas Kesehatan KB Pemerintah,1097
2018,4,Jakarta Selatan,MOP,Fasilitas Kesehatan KB Swasta,487
2018,4,Jakarta Selatan,KONDOM,Fasilitas Kesehatan KB Pemerintah,6710
2018,4,Jakarta Selatan,KONDOM,Fasilitas Kesehatan KB Swasta,7643
2018,4,Jakarta Selatan,IMPLANT,Fasilitas Kesehatan KB Pemerintah,10525
2018,4,Jakarta Selatan,IMPLANT,Fasilitas Kesehatan KB Swasta,5917
2018,4,Jakarta Selatan,SUNTIKAN,Fasilitas Kesehatan KB Pemerintah,42813
2018,4,Jakarta Selatan,SUNTIKAN,Fasilitas Kesehatan KB Swasta,53139
2018,4,Jakarta Selatan,PIL,Fasilitas Kesehatan KB Pemerintah,26347
2018,4,Jakarta Selatan,PIL,Fasilitas Kesehatan KB Swasta,31022
2018,4,Jakarta Timur,IUD,Fasilitas Kesehatan KB Pemerintah,40081
2018,4,Jakarta Timur,IUD,Fasilitas Kesehatan KB Swasta,42299
2018,4,Jakarta Timur,MOW,Fasilitas Kesehatan KB Pemerintah,8626
2018,4,Jakarta Timur,MOW,Fasilitas Kesehatan KB Swasta,5385
2018,4,Jakarta Timur,MOP,Fasilitas Kesehatan KB Pemerintah,1873
2018,4,Jakarta Timur,MOP,Fasilitas Kesehatan KB Swasta,569
2018,4,Jakarta Timur,KONDOM,Fasilitas Kesehatan KB Pemerintah,9873
2018,4,Jakarta Timur,KONDOM,Fasilitas Kesehatan KB Swasta,12335
2018,4,Jakarta Timur,IMPLANT,Fasilitas Kesehatan KB Pemerintah,19393
2018,4,Jakarta Timur,IMPLANT,Fasilitas Kesehatan KB Swasta,11456
2018,4,Jakarta Timur,SUNTIKAN,Fasilitas Kesehatan KB Pemerintah,53262
2018,4,Jakarta Timur,SUNTIKAN,Fasilitas Kesehatan KB Swasta,83414
2018,4,Jakarta Timur,PIL,Fasilitas Kesehatan KB Pemerintah,38989
2018,4,Jakarta Timur,PIL,Fasilitas Kesehatan KB Swasta,62365
2018,4,Kepulauan Seribu,IUD,Fasilitas Kesehatan KB Pemerintah,291
2018,4,Kepulauan Seribu,IUD,Fasilitas Kesehatan KB Swasta,0
2018,4,Kepulauan Seribu,MOW,Fasilitas Kesehatan KB Pemerintah,191
2018,4,Kepulauan Seribu,MOW,Fasilitas Kesehatan KB Swasta,0
2018,4,Kepulauan Seribu,MOP,Fasilitas Kesehatan KB Pemerintah,28
2018,4,Kepulauan Seribu,MOP,Fasilitas Kesehatan KB Swasta,0
2018,4,Kepulauan Seribu,KONDOM,Fasilitas Kesehatan KB Pemerintah,102
2018,4,Kepulauan Seribu,KONDOM,Fasilitas Kesehatan KB Swasta,0
2018,4,Kepulauan Seribu,IMPLANT,Fasilitas Kesehatan KB Pemerintah,391
2018,4,Kepulauan Seribu,IMPLANT,Fasilitas Kesehatan KB Swasta,0
2018,4,Kepulauan Seribu,SUNTIKAN,Fasilitas Kesehatan KB Pemerintah,2617
2018,4,Kepulauan Seribu,SUNTIKAN,Fasilitas Kesehatan KB Swasta,0
2018,4,Kepulauan Seribu,PIL,Fasilitas Kesehatan KB Pemerintah,989
2018,4,Kepulauan Seribu,PIL,Fasilitas Kesehatan KB Swasta,0
2018,5,Jakarta Pusat,IUD,Fasilitas Kesehatan KB Pemerintah,18652
2018,5,Jakarta Pusat,IUD,Fasilitas Kesehatan KB Swasta,12583
2018,5,Jakarta Pusat,MOW,Fasilitas Kesehatan KB Pemerintah,3191
2018,5,Jakarta Pusat,MOW,Fasilitas Kesehatan KB Swasta,2244
2018,5,Jakarta Pusat,MOP,Fasilitas Kesehatan KB Pemerintah,1382
2018,5,Jakarta Pusat,MOP,Fasilitas Kesehatan KB Swasta,698
2018,5,Jakarta Pusat,KONDOM,Fasilitas Kesehatan KB Pemerintah,5310
2018,5,Jakarta Pusat,KONDOM,Fasilitas Kesehatan KB Swasta,3571
2018,5,Jakarta Pusat,IMPLANT,Fasilitas Kesehatan KB Pemerintah,8955
2018,5,Jakarta Pusat,IMPLANT,Fasilitas Kesehatan KB Swasta,2636
2018,5,Jakarta Pusat,SUNTIKAN,Fasilitas Kesehatan KB Pemerintah,20548
2018,5,Jakarta Pusat,SUNTIKAN,Fasilitas Kesehatan KB Swasta,17133
2018,5,Jakarta Pusat,PIL,Fasilitas Kesehatan KB Pemerintah,16390
2018,5,Jakarta Pusat,PIL,Fasilitas Kesehatan KB Swasta,13422
2018,5,Jakarta Utara,IUD,Fasilitas Kesehatan KB Pemerintah,20541
2018,5,Jakarta Utara,IUD,Fasilitas Kesehatan KB Swasta,34319
2018,5,Jakarta Utara,MOW,Fasilitas Kesehatan KB Pemerintah,6568
2018,5,Jakarta Utara,MOW,Fasilitas Kesehatan KB Swasta,7436
2018,5,Jakarta Utara,MOP,Fasilitas Kesehatan KB Pemerintah,4822
2018,5,Jakarta Utara,MOP,Fasilitas Kesehatan KB Swasta,2196
2018,5,Jakarta Utara,KONDOM,Fasilitas Kesehatan KB Pemerintah,9611
2018,5,Jakarta Utara,KONDOM,Fasilitas Kesehatan KB Swasta,7715
2018,5,Jakarta Utara,IMPLANT,Fasilitas Kesehatan KB Pemerintah,26580
2018,5,Jakarta Utara,IMPLANT,Fasilitas Kesehatan KB Swasta,12562
2018,5,Jakarta Utara,SUNTIKAN,Fasilitas Kesehatan KB Pemerintah,39352
2018,5,Jakarta Utara,SUNTIKAN,Fasilitas Kesehatan KB Swasta,58332
2018,5,Jakarta Utara,PIL,Fasilitas Kesehatan KB Pemerintah,35510
2018,5,Jakarta Utara,PIL,Fasilitas Kesehatan KB Swasta,33750
2018,5,Jakarta Barat,IUD,Fasilitas Kesehatan KB Pemerintah,30056
2018,5,Jakarta Barat,IUD,Fasilitas Kesehatan KB Swasta,37505
2018,5,Jakarta Barat,MOW,Fasilitas Kesehatan KB Pemerintah,5015
2018,5,Jakarta Barat,MOW,Fasilitas Kesehatan KB Swasta,6152
2018,5,Jakarta Barat,MOP,Fasilitas Kesehatan KB Pemerintah,1458
2018,5,Jakarta Barat,MOP,Fasilitas Kesehatan KB Swasta,1925
2018,5,Jakarta Barat,KONDOM,Fasilitas Kesehatan KB Pemerintah,5170
2018,5,Jakarta Barat,KONDOM,Fasilitas Kesehatan KB Swasta,6766
2018,5,Jakarta Barat,IMPLANT,Fasilitas Kesehatan KB Pemerintah,16543
2018,5,Jakarta Barat,IMPLANT,Fasilitas Kesehatan KB Swasta,19170
2018,5,Jakarta Barat,SUNTIKAN,Fasilitas Kesehatan KB Pemerintah,61635
2018,5,Jakarta Barat,SUNTIKAN,Fasilitas Kesehatan KB Swasta,81746
2018,5,Jakarta Barat,PIL,Fasilitas Kesehatan KB Pemerintah,35263
2018,5,Jakarta Barat,PIL,Fasilitas Kesehatan KB Swasta,46542
2018,5,Jakarta Selatan,IUD,Fasilitas Kesehatan KB Pemerintah,30409
2018,5,Jakarta Selatan,IUD,Fasilitas Kesehatan KB Swasta,27032
2018,5,Jakarta Selatan,MOW,Fasilitas Kesehatan KB Pemerintah,4648
2018,5,Jakarta Selatan,MOW,Fasilitas Kesehatan KB Swasta,3633
2018,5,Jakarta Selatan,MOP,Fasilitas Kesehatan KB Pemerintah,1103
2018,5,Jakarta Selatan,MOP,Fasilitas Kesehatan KB Swasta,501
2018,5,Jakarta Selatan,KONDOM,Fasilitas Kesehatan KB Pemerintah,6711
2018,5,Jakarta Selatan,KONDOM,Fasilitas Kesehatan KB Swasta,7652
2018,5,Jakarta Selatan,IMPLANT,Fasilitas Kesehatan KB Pemerintah,10582
2018,5,Jakarta Selatan,IMPLANT,Fasilitas Kesehatan KB Swasta,5966
2018,5,Jakarta Selatan,SUNTIKAN,Fasilitas Kesehatan KB Pemerintah,42822
2018,5,Jakarta Selatan,SUNTIKAN,Fasilitas Kesehatan KB Swasta,53121
2018,5,Jakarta Selatan,PIL,Fasilitas Kesehatan KB Pemerintah,26357
2018,5,Jakarta Selatan,PIL,Fasilitas Kesehatan KB Swasta,31027
2018,5,Jakarta Timur,IUD,Fasilitas Kesehatan KB Pemerintah,40317
2018,5,Jakarta Timur,IUD,Fasilitas Kesehatan KB Swasta,42351
2018,5,Jakarta Timur,MOW,Fasilitas Kesehatan KB Pemerintah,8647
2018,5,Jakarta Timur,MOW,Fasilitas Kesehatan KB Swasta,5389
2018,5,Jakarta Timur,MOP,Fasilitas Kesehatan KB Pemerintah,1882
2018,5,Jakarta Timur,MOP,Fasilitas Kesehatan KB Swasta,569
2018,5,Jakarta Timur,KONDOM,Fasilitas Kesehatan KB Pemerintah,9770
2018,5,Jakarta Timur,KONDOM,Fasilitas Kesehatan KB Swasta,12450
2018,5,Jakarta Timur,IMPLANT,Fasilitas Kesehatan KB Pemerintah,19550
2018,5,Jakarta Timur,IMPLANT,Fasilitas Kesehatan KB Swasta,11462
2018,5,Jakarta Timur,SUNTIKAN,Fasilitas Kesehatan KB Pemerintah,53412
2018,5,Jakarta Timur,SUNTIKAN,Fasilitas Kesehatan KB Swasta,83480
2018,5,Jakarta Timur,PIL,Fasilitas Kesehatan KB Pemerintah,38971
2018,5,Jakarta Timur,PIL,Fasilitas Kesehatan KB Swasta,62398
2018,5,Kepulauan Seribu,IUD,Fasilitas Kesehatan KB Pemerintah,294
2018,5,Kepulauan Seribu,IUD,Fasilitas Kesehatan KB Swasta,0
2018,5,Kepulauan Seribu,MOW,Fasilitas Kesehatan KB Pemerintah,191
2018,5,Kepulauan Seribu,MOW,Fasilitas Kesehatan KB Swasta,0
2018,5,Kepulauan Seribu,MOP,Fasilitas Kesehatan KB Pemerintah,28
2018,5,Kepulauan Seribu,MOP,Fasilitas Kesehatan KB Swasta,0
2018,5,Kepulauan Seribu,KONDOM,Fasilitas Kesehatan KB Pemerintah,102
2018,5,Kepulauan Seribu,KONDOM,Fasilitas Kesehatan KB Swasta,0
2018,5,Kepulauan Seribu,IMPLANT,Fasilitas Kesehatan KB Pemerintah,394
2018,5,Kepulauan Seribu,IMPLANT,Fasilitas Kesehatan KB Swasta,0
2018,5,Kepulauan Seribu,SUNTIKAN,Fasilitas Kesehatan KB Pemerintah,2617
2018,5,Kepulauan Seribu,SUNTIKAN,Fasilitas Kesehatan KB Swasta,0
2018,5,Kepulauan Seribu,PIL,Fasilitas Kesehatan KB Pemerintah,989
2018,5,Kepulauan Seribu,PIL,Fasilitas Kesehatan KB Swasta,0
2018,6,Jakarta Pusat,IUD,Fasilitas Kesehatan KB Pemerintah,18752
2018,6,Jakarta Pusat,IUD,Fasilitas Kesehatan KB Swasta,12680
2018,6,Jakarta Pusat,MOW,Fasilitas Kesehatan KB Pemerintah,3213
2018,6,Jakarta Pusat,MOW,Fasilitas Kesehatan KB Swasta,2249
2018,6,Jakarta Pusat,MOP,Fasilitas Kesehatan KB Pemerintah,1387
2018,6,Jakarta Pusat,MOP,Fasilitas Kesehatan KB Swasta,698
2018,6,Jakarta Pusat,KONDOM,Fasilitas Kesehatan KB Pemerintah,5375
2018,6,Jakarta Pusat,KONDOM,Fasilitas Kesehatan KB Swasta,3666
2018,6,Jakarta Pusat,IMPLANT,Fasilitas Kesehatan KB Pemerintah,9067
2018,6,Jakarta Pusat,IMPLANT,Fasilitas Kesehatan KB Swasta,2704
2018,6,Jakarta Pusat,SUNTIKAN,Fasilitas Kesehatan KB Pemerintah,20668
2018,6,Jakarta Pusat,SUNTIKAN,Fasilitas Kesehatan KB Swasta,17462
2018,6,Jakarta Pusat,PIL,Fasilitas Kesehatan KB Pemerintah,16480
2018,6,Jakarta Pusat,PIL,Fasilitas Kesehatan KB Swasta,13516
2018,6,Jakarta Utara,IUD,Fasilitas Kesehatan KB Pemerintah,20813
2018,6,Jakarta Utara,IUD,Fasilitas Kesehatan KB Swasta,34109
2018,6,Jakarta Utara,MOW,Fasilitas Kesehatan KB Pemerintah,6576
2018,6,Jakarta Utara,MOW,Fasilitas Kesehatan KB Swasta,7433
2018,6,Jakarta Utara,MOP,Fasilitas Kesehatan KB Pemerintah,4824
2018,6,Jakarta Utara,MOP,Fasilitas Kesehatan KB Swasta,2195
2018,6,Jakarta Utara,KONDOM,Fasilitas Kesehatan KB Pemerintah,9612
2018,6,Jakarta Utara,KONDOM,Fasilitas Kesehatan KB Swasta,7750
2018,6,Jakarta Utara,IMPLANT,Fasilitas Kesehatan KB Pemerintah,26630
2018,6,Jakarta Utara,IMPLANT,Fasilitas Kesehatan KB Swasta,12563
2018,6,Jakarta Utara,SUNTIKAN,Fasilitas Kesehatan KB Pemerintah,39213
2018,6,Jakarta Utara,SUNTIKAN,Fasilitas Kesehatan KB Swasta,58518
2018,6,Jakarta Utara,PIL,Fasilitas Kesehatan KB Pemerintah,35306
2018,6,Jakarta Utara,PIL,Fasilitas Kesehatan KB Swasta,33956
2018,6,Jakarta Barat,IUD,Fasilitas Kesehatan KB Pemerintah,30173
2018,6,Jakarta Barat,IUD,Fasilitas Kesehatan KB Swasta,37751
2018,6,Jakarta Barat,MOW,Fasilitas Kesehatan KB Pemerintah,5015
2018,6,Jakarta Barat,MOW,Fasilitas Kesehatan KB Swasta,6162
2018,6,Jakarta Barat,MOP,Fasilitas Kesehatan KB Pemerintah,1461
2018,6,Jakarta Barat,MOP,Fasilitas Kesehatan KB Swasta,1930
2018,6,Jakarta Barat,KONDOM,Fasilitas Kesehatan KB Pemerintah,5200
2018,6,Jakarta Barat,KONDOM,Fasilitas Kesehatan KB Swasta,6840
2018,6,Jakarta Barat,IMPLANT,Fasilitas Kesehatan KB Pemerintah,16607
2018,6,Jakarta Barat,IMPLANT,Fasilitas Kesehatan KB Swasta,19245
2018,6,Jakarta Barat,SUNTIKAN,Fasilitas Kesehatan KB Pemerintah,61755
2018,6,Jakarta Barat,SUNTIKAN,Fasilitas Kesehatan KB Swasta,81638
2018,6,Jakarta Barat,PIL,Fasilitas Kesehatan KB Pemerintah,35122
2018,6,Jakarta Barat,PIL,Fasilitas Kesehatan KB Swasta,46436
2018,6,Jakarta Selatan,IUD,Fasilitas Kesehatan KB Pemerintah,30509
2018,6,Jakarta Selatan,IUD,Fasilitas Kesehatan KB Swasta,27067
2018,6,Jakarta Selatan,MOW,Fasilitas Kesehatan KB Pemerintah,4655
2018,6,Jakarta Selatan,MOW,Fasilitas Kesehatan KB Swasta,3662
2018,6,Jakarta Selatan,MOP,Fasilitas Kesehatan KB Pemerintah,1105
2018,6,Jakarta Selatan,MOP,Fasilitas Kesehatan KB Swasta,501
2018,6,Jakarta Selatan,KONDOM,Fasilitas Kesehatan KB Pemerintah,6712
2018,6,Jakarta Selatan,KONDOM,Fasilitas Kesehatan KB Swasta,7653
2018,6,Jakarta Selatan,IMPLANT,Fasilitas Kesehatan KB Pemerintah,10608
2018,6,Jakarta Selatan,IMPLANT,Fasilitas Kesehatan KB Swasta,5978
2018,6,Jakarta Selatan,SUNTIKAN,Fasilitas Kesehatan KB Pemerintah,43002
2018,6,Jakarta Selatan,SUNTIKAN,Fasilitas Kesehatan KB Swasta,53098
2018,6,Jakarta Selatan,PIL,Fasilitas Kesehatan KB Pemerintah,26363
2018,6,Jakarta Selatan,PIL,Fasilitas Kesehatan KB Swasta,31030
2018,6,Jakarta Timur,IUD,Fasilitas Kesehatan KB Pemerintah,40374
2018,6,Jakarta Timur,IUD,Fasilitas Kesehatan KB Swasta,42424
2018,6,Jakarta Timur,MOW,Fasilitas Kesehatan KB Pemerintah,8597
2018,6,Jakarta Timur,MOW,Fasilitas Kesehatan KB Swasta,5333
2018,6,Jakarta Timur,MOP,Fasilitas Kesehatan KB Pemerintah,1930
2018,6,Jakarta Timur,MOP,Fasilitas Kesehatan KB Swasta,627
2018,6,Jakarta Timur,KONDOM,Fasilitas Kesehatan KB Pemerintah,9870
2018,6,Jakarta Timur,KONDOM,Fasilitas Kesehatan KB Swasta,12358
2018,6,Jakarta Timur,IMPLANT,Fasilitas Kesehatan KB Pemerintah,19616
2018,6,Jakarta Timur,IMPLANT,Fasilitas Kesehatan KB Swasta,11470
2018,6,Jakarta Timur,SUNTIKAN,Fasilitas Kesehatan KB Pemerintah,53477
2018,6,Jakarta Timur,SUNTIKAN,Fasilitas Kesehatan KB Swasta,83399
2018,6,Jakarta Timur,PIL,Fasilitas Kesehatan KB Pemerintah,38942
2018,6,Jakarta Timur,PIL,Fasilitas Kesehatan KB Swasta,62475
2018,6,Kepulauan Seribu,IUD,Fasilitas Kesehatan KB Pemerintah,294
2018,6,Kepulauan Seribu,IUD,Fasilitas Kesehatan KB Swasta,0
2018,6,Kepulauan Seribu,MOW,Fasilitas Kesehatan KB Pemerintah,191
2018,6,Kepulauan Seribu,MOW,Fasilitas Kesehatan KB Swasta,0
2018,6,Kepulauan Seribu,MOP,Fasilitas Kesehatan KB Pemerintah,28
2018,6,Kepulauan Seribu,MOP,Fasilitas Kesehatan KB Swasta,0
2018,6,Kepulauan Seribu,KONDOM,Fasilitas Kesehatan KB Pemerintah,102
2018,6,Kepulauan Seribu,KONDOM,Fasilitas Kesehatan KB Swasta,0
2018,6,Kepulauan Seribu,IMPLANT,Fasilitas Kesehatan KB Pemerintah,396
2018,6,Kepulauan Seribu,IMPLANT,Fasilitas Kesehatan KB Swasta,0
2018,6,Kepulauan Seribu,SUNTIKAN,Fasilitas Kesehatan KB Pemerintah,2620
2018,6,Kepulauan Seribu,SUNTIKAN,Fasilitas Kesehatan KB Swasta,0
2018,6,Kepulauan Seribu,PIL,Fasilitas Kesehatan KB Pemerintah,989
2018,6,Kepulauan Seribu,PIL,Fasilitas Kesehatan KB Swasta,0
2018,7,Jakarta Pusat,IUD,Fasilitas Kesehatan KB Pemerintah,19023
2018,7,Jakarta Pusat,IUD,Fasilitas Kesehatan KB Swasta,12812
2018,7,Jakarta Pusat,MOW,Fasilitas Kesehatan KB Pemerintah,3228
2018,7,Jakarta Pusat,MOW,Fasilitas Kesehatan KB Swasta,2268
2018,7,Jakarta Pusat,MOP,Fasilitas Kesehatan KB Pemerintah,1391
2018,7,Jakarta Pusat,MOP,Fasilitas Kesehatan KB Swasta,697
2018,7,Jakarta Pusat,KONDOM,Fasilitas Kesehatan KB Pemerintah,5639
2018,7,Jakarta Pusat,KONDOM,Fasilitas Kesehatan KB Swasta,3901
2018,7,Jakarta Pusat,IMPLANT,Fasilitas Kesehatan KB Pemerintah,9147
2018,7,Jakarta Pusat,IMPLANT,Fasilitas Kesehatan KB Swasta,2733
2018,7,Jakarta Pusat,SUNTIKAN,Fasilitas Kesehatan KB Pemerintah,21910
2018,7,Jakarta Pusat,SUNTIKAN,Fasilitas Kesehatan KB Swasta,18179
2018,7,Jakarta Pusat,PIL,Fasilitas Kesehatan KB Pemerintah,16755
2018,7,Jakarta Pusat,PIL,Fasilitas Kesehatan KB Swasta,13838
2018,7,Jakarta Utara,IUD,Fasilitas Kesehatan KB Pemerintah,20923
2018,7,Jakarta Utara,IUD,Fasilitas Kesehatan KB Swasta,34126
2018,7,Jakarta Utara,MOW,Fasilitas Kesehatan KB Pemerintah,6589
2018,7,Jakarta Utara,MOW,Fasilitas Kesehatan KB Swasta,7433
2018,7,Jakarta Utara,MOP,Fasilitas Kesehatan KB Pemerintah,4827
2018,7,Jakarta Utara,MOP,Fasilitas Kesehatan KB Swasta,2195
2018,7,Jakarta Utara,KONDOM,Fasilitas Kesehatan KB Pemerintah,9678
2018,7,Jakarta Utara,KONDOM,Fasilitas Kesehatan KB Swasta,7754
2018,7,Jakarta Utara,IMPLANT,Fasilitas Kesehatan KB Pemerintah,26721
2018,7,Jakarta Utara,IMPLANT,Fasilitas Kesehatan KB Swasta,12574
2018,7,Jakarta Utara,SUNTIKAN,Fasilitas Kesehatan KB Pemerintah,39277
2018,7,Jakarta Utara,SUNTIKAN,Fasilitas Kesehatan KB Swasta,58539
2018,7,Jakarta Utara,PIL,Fasilitas Kesehatan KB Pemerintah,35307
2018,7,Jakarta Utara,PIL,Fasilitas Kesehatan KB Swasta,33955
2018,7,Jakarta Barat,IUD,Fasilitas Kesehatan KB Pemerintah,31002
2018,7,Jakarta Barat,IUD,Fasilitas Kesehatan KB Swasta,38543
2018,7,Jakarta Barat,MOW,Fasilitas Kesehatan KB Pemerintah,5037
2018,7,Jakarta Barat,MOW,Fasilitas Kesehatan KB Swasta,6184
2018,7,Jakarta Barat,MOP,Fasilitas Kesehatan KB Pemerintah,1466
2018,7,Jakarta Barat,MOP,Fasilitas Kesehatan KB Swasta,1935
2018,7,Jakarta Barat,KONDOM,Fasilitas Kesehatan KB Pemerintah,5967
2018,7,Jakarta Barat,KONDOM,Fasilitas Kesehatan KB Swasta,7362
2018,7,Jakarta Barat,IMPLANT,Fasilitas Kesehatan KB Pemerintah,15796
2018,7,Jakarta Barat,IMPLANT,Fasilitas Kesehatan KB Swasta,19811
2018,7,Jakarta Barat,SUNTIKAN,Fasilitas Kesehatan KB Pemerintah,62785
2018,7,Jakarta Barat,SUNTIKAN,Fasilitas Kesehatan KB Swasta,82852
2018,7,Jakarta Barat,PIL,Fasilitas Kesehatan KB Pemerintah,36407
2018,7,Jakarta Barat,PIL,Fasilitas Kesehatan KB Swasta,49795
2018,7,Jakarta Selatan,IUD,Fasilitas Kesehatan KB Pemerintah,30638
2018,7,Jakarta Selatan,IUD,Fasilitas Kesehatan KB Swasta,27124
2018,7,Jakarta Selatan,MOW,Fasilitas Kesehatan KB Pemerintah,4666
2018,7,Jakarta Selatan,MOW,Fasilitas Kesehatan KB Swasta,3710
2018,7,Jakarta Selatan,MOP,Fasilitas Kesehatan KB Pemerintah,1106
2018,7,Jakarta Selatan,MOP,Fasilitas Kesehatan KB Swasta,501
2018,7,Jakarta Selatan,KONDOM,Fasilitas Kesehatan KB Pemerintah,6715
2018,7,Jakarta Selatan,KONDOM,Fasilitas Kesehatan KB Swasta,7645
2018,7,Jakarta Selatan,IMPLANT,Fasilitas Kesehatan KB Pemerintah,10676
2018,7,Jakarta Selatan,IMPLANT,Fasilitas Kesehatan KB Swasta,6011
2018,7,Jakarta Selatan,SUNTIKAN,Fasilitas Kesehatan KB Pemerintah,43107
2018,7,Jakarta Selatan,SUNTIKAN,Fasilitas Kesehatan KB Swasta,53060
2018,7,Jakarta Selatan,PIL,Fasilitas Kesehatan KB Pemerintah,26418
2018,7,Jakarta Selatan,PIL,Fasilitas Kesehatan KB Swasta,30977
2018,7,Jakarta Timur,IUD,Fasilitas Kesehatan KB Pemerintah,40592
2018,7,Jakarta Timur,IUD,Fasilitas Kesehatan KB Swasta,42472
2018,7,Jakarta Timur,MOW,Fasilitas Kesehatan KB Pemerintah,8662
2018,7,Jakarta Timur,MOW,Fasilitas Kesehatan KB Swasta,5391
2018,7,Jakarta Timur,MOP,Fasilitas Kesehatan KB Pemerintah,1878
2018,7,Jakarta Timur,MOP,Fasilitas Kesehatan KB Swasta,569
2018,7,Jakarta Timur,KONDOM,Fasilitas Kesehatan KB Pemerintah,9878
2018,7,Jakarta Timur,KONDOM,Fasilitas Kesehatan KB Swasta,12354
2018,7,Jakarta Timur,IMPLANT,Fasilitas Kesehatan KB Pemerintah,19729
2018,7,Jakarta Timur,IMPLANT,Fasilitas Kesehatan KB Swasta,11488
2018,7,Jakarta Timur,SUNTIKAN,Fasilitas Kesehatan KB Pemerintah,53554
2018,7,Jakarta Timur,SUNTIKAN,Fasilitas Kesehatan KB Swasta,83411
2018,7,Jakarta Timur,PIL,Fasilitas Kesehatan KB Pemerintah,38929
2018,7,Jakarta Timur,PIL,Fasilitas Kesehatan KB Swasta,62470
2018,7,Kepulauan Seribu,IUD,Fasilitas Kesehatan KB Pemerintah,295
2018,7,Kepulauan Seribu,IUD,Fasilitas Kesehatan KB Swasta,0
2018,7,Kepulauan Seribu,MOW,Fasilitas Kesehatan KB Pemerintah,191
2018,7,Kepulauan Seribu,MOW,Fasilitas Kesehatan KB Swasta,0
2018,7,Kepulauan Seribu,MOP,Fasilitas Kesehatan KB Pemerintah,28
2018,7,Kepulauan Seribu,MOP,Fasilitas Kesehatan KB Swasta,0
2018,7,Kepulauan Seribu,KONDOM,Fasilitas Kesehatan KB Pemerintah,102
2018,7,Kepulauan Seribu,KONDOM,Fasilitas Kesehatan KB Swasta,0
2018,7,Kepulauan Seribu,IMPLANT,Fasilitas Kesehatan KB Pemerintah,397
2018,7,Kepulauan Seribu,IMPLANT,Fasilitas Kesehatan KB Swasta,0
2018,7,Kepulauan Seribu,SUNTIKAN,Fasilitas Kesehatan KB Pemerintah,2620
2018,7,Kepulauan Seribu,SUNTIKAN,Fasilitas Kesehatan KB Swasta,0
2018,7,Kepulauan Seribu,PIL,Fasilitas Kesehatan KB Pemerintah,991
2018,7,Kepulauan Seribu,PIL,Fasilitas Kesehatan KB Swasta,0
2018,8,Jakarta Pusat,IUD,Fasilitas Kesehatan KB Pemerintah,19496
2018,8,Jakarta Pusat,IUD,Fasilitas Kesehatan KB Swasta,12840
2018,8,Jakarta Pusat,MOW,Fasilitas Kesehatan KB Pemerintah,3247
2018,8,Jakarta Pusat,MOW,Fasilitas Kesehatan KB Swasta,2269
2018,8,Jakarta Pusat,MOP,Fasilitas Kesehatan KB Pemerintah,1408
2018,8,Jakarta Pusat,MOP,Fasilitas Kesehatan KB Swasta,688
2018,8,Jakarta Pusat,KONDOM,Fasilitas Kesehatan KB Pemerintah,5703
2018,8,Jakarta Pusat,KONDOM,Fasilitas Kesehatan KB Swasta,3952
2018,8,Jakarta Pusat,IMPLANT,Fasilitas Kesehatan KB Pemerintah,9277
2018,8,Jakarta Pusat,IMPLANT,Fasilitas Kesehatan KB Swasta,2735
2018,8,Jakarta Pusat,SUNTIKAN,Fasilitas Kesehatan KB Pemerintah,22124
2018,8,Jakarta Pusat,SUNTIKAN,Fasilitas Kesehatan KB Swasta,18338
2018,8,Jakarta Pusat,PIL,Fasilitas Kesehatan KB Pemerintah,16844
2018,8,Jakarta Pusat,PIL,Fasilitas Kesehatan KB Swasta,13877
2018,8,Jakarta Utara,IUD,Fasilitas Kesehatan KB Pemerintah,21125
2018,8,Jakarta Utara,IUD,Fasilitas Kesehatan KB Swasta,34163
2018,8,Jakarta Utara,MOW,Fasilitas Kesehatan KB Pemerintah,6610
2018,8,Jakarta Utara,MOW,Fasilitas Kesehatan KB Swasta,7435
2018,8,Jakarta Utara,MOP,Fasilitas Kesehatan KB Pemerintah,4830
2018,8,Jakarta Utara,MOP,Fasilitas Kesehatan KB Swasta,2196
2018,8,Jakarta Utara,KONDOM,Fasilitas Kesehatan KB Pemerintah,9808
2018,8,Jakarta Utara,KONDOM,Fasilitas Kesehatan KB Swasta,7769
2018,8,Jakarta Utara,IMPLANT,Fasilitas Kesehatan KB Pemerintah,27396
2018,8,Jakarta Utara,IMPLANT,Fasilitas Kesehatan KB Swasta,12094
2018,8,Jakarta Utara,SUNTIKAN,Fasilitas Kesehatan KB Pemerintah,39412
2018,8,Jakarta Utara,SUNTIKAN,Fasilitas Kesehatan KB Swasta,58586
2018,8,Jakarta Utara,PIL,Fasilitas Kesehatan KB Pemerintah,35286
2018,8,Jakarta Utara,PIL,Fasilitas Kesehatan KB Swasta,33988
2018,8,Jakarta Barat,IUD,Fasilitas Kesehatan KB Pemerintah,31776
2018,8,Jakarta Barat,IUD,Fasilitas Kesehatan KB Swasta,38898
2018,8,Jakarta Barat,MOW,Fasilitas Kesehatan KB Pemerintah,5116
2018,8,Jakarta Barat,MOW,Fasilitas Kesehatan KB Swasta,6221
2018,8,Jakarta Barat,MOP,Fasilitas Kesehatan KB Pemerintah,1466
2018,8,Jakarta Barat,MOP,Fasilitas Kesehatan KB Swasta,1935
2018,8,Jakarta Barat,KONDOM,Fasilitas Kesehatan KB Pemerintah,6046
2018,8,Jakarta Barat,KONDOM,Fasilitas Kesehatan KB Swasta,7145
2018,8,Jakarta Barat,IMPLANT,Fasilitas Kesehatan KB Pemerintah,16133
2018,8,Jakarta Barat,IMPLANT,Fasilitas Kesehatan KB Swasta,20157
2018,8,Jakarta Barat,SUNTIKAN,Fasilitas Kesehatan KB Pemerintah,63044
2018,8,Jakarta Barat,SUNTIKAN,Fasilitas Kesehatan KB Swasta,82112
2018,8,Jakarta Barat,PIL,Fasilitas Kesehatan KB Pemerintah,36856
2018,8,Jakarta Barat,PIL,Fasilitas Kesehatan KB Swasta,48427
2018,8,Jakarta Selatan,IUD,Fasilitas Kesehatan KB Pemerintah,30811
2018,8,Jakarta Selatan,IUD,Fasilitas Kesehatan KB Swasta,27214
2018,8,Jakarta Selatan,MOW,Fasilitas Kesehatan KB Pemerintah,4685
2018,8,Jakarta Selatan,MOW,Fasilitas Kesehatan KB Swasta,3754
2018,8,Jakarta Selatan,MOP,Fasilitas Kesehatan KB Pemerintah,1106
2018,8,Jakarta Selatan,MOP,Fasilitas Kesehatan KB Swasta,503
2018,8,Jakarta Selatan,KONDOM,Fasilitas Kesehatan KB Pemerintah,6705
2018,8,Jakarta Selatan,KONDOM,Fasilitas Kesehatan KB Swasta,7640
2018,8,Jakarta Selatan,IMPLANT,Fasilitas Kesehatan KB Pemerintah,10760
2018,8,Jakarta Selatan,IMPLANT,Fasilitas Kesehatan KB Swasta,6065
2018,8,Jakarta Selatan,SUNTIKAN,Fasilitas Kesehatan KB Pemerintah,43203
2018,8,Jakarta Selatan,SUNTIKAN,Fasilitas Kesehatan KB Swasta,53087
2018,8,Jakarta Selatan,PIL,Fasilitas Kesehatan KB Pemerintah,26427
2018,8,Jakarta Selatan,PIL,Fasilitas Kesehatan KB Swasta,31011
2018,8,Jakarta Timur,IUD,Fasilitas Kesehatan KB Pemerintah,40878
2018,8,Jakarta Timur,IUD,Fasilitas Kesehatan KB Swasta,42562
2018,8,Jakarta Timur,MOW,Fasilitas Kesehatan KB Pemerintah,8712
2018,8,Jakarta Timur,MOW,Fasilitas Kesehatan KB Swasta,5392
2018,8,Jakarta Timur,MOP,Fasilitas Kesehatan KB Pemerintah,1882
2018,8,Jakarta Timur,MOP,Fasilitas Kesehatan KB Swasta,567
2018,8,Jakarta Timur,KONDOM,Fasilitas Kesehatan KB Pemerintah,9965
2018,8,Jakarta Timur,KONDOM,Fasilitas Kesehatan KB Swasta,12380
2018,8,Jakarta Timur,IMPLANT,Fasilitas Kesehatan KB Pemerintah,19888
2018,8,Jakarta Timur,IMPLANT,Fasilitas Kesehatan KB Swasta,11515
2018,8,Jakarta Timur,SUNTIKAN,Fasilitas Kesehatan KB Pemerintah,53802
2018,8,Jakarta Timur,SUNTIKAN,Fasilitas Kesehatan KB Swasta,83419
2018,8,Jakarta Timur,PIL,Fasilitas Kesehatan KB Pemerintah,38975
2018,8,Jakarta Timur,PIL,Fasilitas Kesehatan KB Swasta,62414
2018,8,Kepulauan Seribu,IUD,Fasilitas Kesehatan KB Pemerintah,296
2018,8,Kepulauan Seribu,IUD,Fasilitas Kesehatan KB Swasta,0
2018,8,Kepulauan Seribu,MOW,Fasilitas Kesehatan KB Pemerintah,192
2018,8,Kepulauan Seribu,MOW,Fasilitas Kesehatan KB Swasta,0
2018,8,Kepulauan Seribu,MOP,Fasilitas Kesehatan KB Pemerintah,28
2018,8,Kepulauan Seribu,MOP,Fasilitas Kesehatan KB Swasta,0
2018,8,Kepulauan Seribu,KONDOM,Fasilitas Kesehatan KB Pemerintah,102
2018,8,Kepulauan Seribu,KONDOM,Fasilitas Kesehatan KB Swasta,0
2018,8,Kepulauan Seribu,IMPLANT,Fasilitas Kesehatan KB Pemerintah,397
2018,8,Kepulauan Seribu,IMPLANT,Fasilitas Kesehatan KB Swasta,0
2018,8,Kepulauan Seribu,SUNTIKAN,Fasilitas Kesehatan KB Pemerintah,2623
2018,8,Kepulauan Seribu,SUNTIKAN,Fasilitas Kesehatan KB Swasta,0
2018,8,Kepulauan Seribu,PIL,Fasilitas Kesehatan KB Pemerintah,991
2018,8,Kepulauan Seribu,PIL,Fasilitas Kesehatan KB Swasta,0
2018,9,Jakarta Pusat,IUD,Fasilitas Kesehatan KB Pemerintah,32666
2018,9,Jakarta Pusat,MOW,Fasilitas Kesehatan KB Pemerintah,5542
2018,9,Jakarta Pusat,MOP,Fasilitas Kesehatan KB Pemerintah,2116
2018,9,Jakarta Pusat,KONDOM,Fasilitas Kesehatan KB Pemerintah,9888
2018,9,Jakarta Pusat,IMPLANT,Fasilitas Kesehatan KB Pemerintah,12257
2018,9,Jakarta Pusat,SUNTIKAN,Fasilitas Kesehatan KB Pemerintah,40826
2018,9,Jakarta Pusat,PIL,Fasilitas Kesehatan KB Pemerintah,30883
2018,9,Jakarta Utara,IUD,Fasilitas Kesehatan KB Pemerintah,55617
2018,9,Jakarta Utara,MOW,Fasilitas Kesehatan KB Pemerintah,14077
2018,9,Jakarta Utara,MOP,Fasilitas Kesehatan KB Pemerintah,7031
2018,9,Jakarta Utara,KONDOM,Fasilitas Kesehatan KB Pemerintah,17745
2018,9,Jakarta Utara,IMPLANT,Fasilitas Kesehatan KB Pemerintah,39789
2018,9,Jakarta Utara,SUNTIKAN,Fasilitas Kesehatan KB Pemerintah,98283
2018,9,Jakarta Utara,PIL,Fasilitas Kesehatan KB Pemerintah,69359
2018,9,Jakarta Barat,IUD,Fasilitas Kesehatan KB Pemerintah,70863
2018,9,Jakarta Barat,MOW,Fasilitas Kesehatan KB Pemerintah,11340
2018,9,Jakarta Barat,MOP,Fasilitas Kesehatan KB Pemerintah,3405
2018,9,Jakarta Barat,KONDOM,Fasilitas Kesehatan KB Pemerintah,13327
2018,9,Jakarta Barat,IMPLANT,Fasilitas Kesehatan KB Pemerintah,36518
2018,9,Jakarta Barat,SUNTIKAN,Fasilitas Kesehatan KB Pemerintah,145105
2018,9,Jakarta Barat,PIL,Fasilitas Kesehatan KB Pemerintah,85254
2018,9,Jakarta Selatan,IUD,Fasilitas Kesehatan KB Pemerintah,58341
2018,9,Jakarta Selatan,MOW,Fasilitas Kesehatan KB Pemerintah,8504
2018,9,Jakarta Selatan,MOP,Fasilitas Kesehatan KB Pemerintah,1609
2018,9,Jakarta Selatan,KONDOM,Fasilitas Kesehatan KB Pemerintah,14370
2018,9,Jakarta Selatan,IMPLANT,Fasilitas Kesehatan KB Pemerintah,16942
2018,9,Jakarta Selatan,SUNTIKAN,Fasilitas Kesehatan KB Pemerintah,96554
2018,9,Jakarta Selatan,PIL,Fasilitas Kesehatan KB Pemerintah,57499
2018,9,Jakarta Timur,IUD,Fasilitas Kesehatan KB Pemerintah,83848
2018,9,Jakarta Timur,MOW,Fasilitas Kesehatan KB Pemerintah,14133
2018,9,Jakarta Timur,MOP,Fasilitas Kesehatan KB Pemerintah,2453
2018,9,Jakarta Timur,KONDOM,Fasilitas Kesehatan KB Pemerintah,22395
2018,9,Jakarta Timur,IMPLANT,Fasilitas Kesehatan KB Pemerintah,31664
2018,9,Jakarta Timur,SUNTIKAN,Fasilitas Kesehatan KB Pemerintah,137711
2018,9,Jakarta Timur,PIL,Fasilitas Kesehatan KB Pemerintah,101602
2018,9,Kepulauan Seribu,IUD,Fasilitas Kesehatan KB Pemerintah,296
2018,9,Kepulauan Seribu,MOW,Fasilitas Kesehatan KB Pemerintah,194
2018,9,Kepulauan Seribu,MOP,Fasilitas Kesehatan KB Pemerintah,28
2018,9,Kepulauan Seribu,KONDOM,Fasilitas Kesehatan KB Pemerintah,102
2018,9,Kepulauan Seribu,IMPLANT,Fasilitas Kesehatan KB Pemerintah,397
2018,9,Kepulauan Seribu,SUNTIKAN,Fasilitas Kesehatan KB Pemerintah,2624
2018,9,Kepulauan Seribu,PIL,Fasilitas Kesehatan KB Pemerintah,993
2018,10,Jakarta Pusat,IUD,Fasilitas Kesehatan KB Pemerintah,19626
2018,10,Jakarta Pusat,IUD,Fasilitas Kesehatan KB Swasta,13164
2018,10,Jakarta Pusat,MOW,Fasilitas Kesehatan KB Pemerintah,3279
2018,10,Jakarta Pusat,MOW,Fasilitas Kesehatan KB Swasta,2278
2018,10,Jakarta Pusat,MOP,Fasilitas Kesehatan KB Pemerintah,1434
2018,10,Jakarta Pusat,MOP,Fasilitas Kesehatan KB Swasta,688
2018,10,Jakarta Pusat,KONDOM,Fasilitas Kesehatan KB Pemerintah,5907
2018,10,Jakarta Pusat,KONDOM,Fasilitas Kesehatan KB Swasta,4193
2018,10,Jakarta Pusat,IMPLANT,Fasilitas Kesehatan KB Pemerintah,9565
2018,10,Jakarta Pusat,IMPLANT,Fasilitas Kesehatan KB Swasta,2791
2018,10,Jakarta Pusat,SUNTIKAN,Fasilitas Kesehatan KB Pemerintah,22619
2018,10,Jakarta Pusat,SUNTIKAN,Fasilitas Kesehatan KB Swasta,18738
2018,10,Jakarta Pusat,PIL,Fasilitas Kesehatan KB Pemerintah,17036
2018,10,Jakarta Pusat,PIL,Fasilitas Kesehatan KB Swasta,14085
2018,10,Jakarta Utara,IUD,Fasilitas Kesehatan KB Pemerintah,21615
2018,10,Jakarta Utara,IUD,Fasilitas Kesehatan KB Swasta,34281
2018,10,Jakarta Utara,MOW,Fasilitas Kesehatan KB Pemerintah,6658
2018,10,Jakarta Utara,MOW,Fasilitas Kesehatan KB Swasta,7447
2018,10,Jakarta Utara,MOP,Fasilitas Kesehatan KB Pemerintah,4839
2018,10,Jakarta Utara,MOP,Fasilitas Kesehatan KB Swasta,2198
2018,10,Jakarta Utara,KONDOM,Fasilitas Kesehatan KB Pemerintah,10174
2018,10,Jakarta Utara,KONDOM,Fasilitas Kesehatan KB Swasta,7893
2018,10,Jakarta Utara,IMPLANT,Fasilitas Kesehatan KB Pemerintah,27843
2018,10,Jakarta Utara,IMPLANT,Fasilitas Kesehatan KB Swasta,12188
2018,10,Jakarta Utara,SUNTIKAN,Fasilitas Kesehatan KB Pemerintah,39780
2018,10,Jakarta Utara,SUNTIKAN,Fasilitas Kesehatan KB Swasta,58750
2018,10,Jakarta Utara,PIL,Fasilitas Kesehatan KB Pemerintah,35289
2018,10,Jakarta Utara,PIL,Fasilitas Kesehatan KB Swasta,34047
2018,10,Jakarta Barat,IUD,Fasilitas Kesehatan KB Pemerintah,31934
2018,10,Jakarta Barat,IUD,Fasilitas Kesehatan KB Swasta,39055
2018,10,Jakarta Barat,MOW,Fasilitas Kesehatan KB Pemerintah,5135
2018,10,Jakarta Barat,MOW,Fasilitas Kesehatan KB Swasta,6298
2018,10,Jakarta Barat,MOP,Fasilitas Kesehatan KB Pemerintah,1470
2018,10,Jakarta Barat,MOP,Fasilitas Kesehatan KB Swasta,1935
2018,10,Jakarta Barat,KONDOM,Fasilitas Kesehatan KB Pemerintah,6155
2018,10,Jakarta Barat,KONDOM,Fasilitas Kesehatan KB Swasta,7196
2018,10,Jakarta Barat,IMPLANT,Fasilitas Kesehatan KB Pemerintah,16309
2018,10,Jakarta Barat,IMPLANT,Fasilitas Kesehatan KB Swasta,20356
2018,10,Jakarta Barat,SUNTIKAN,Fasilitas Kesehatan KB Pemerintah,63041
2018,10,Jakarta Barat,SUNTIKAN,Fasilitas Kesehatan KB Swasta,82104
2018,10,Jakarta Barat,PIL,Fasilitas Kesehatan KB Pemerintah,36863
2018,10,Jakarta Barat,PIL,Fasilitas Kesehatan KB Swasta,48424
2018,10,Jakarta Selatan,IUD,Fasilitas Kesehatan KB Pemerintah,31196
2018,10,Jakarta Selatan,IUD,Fasilitas Kesehatan KB Swasta,27427
2018,10,Jakarta Selatan,MOW,Fasilitas Kesehatan KB Pemerintah,4721
2018,10,Jakarta Selatan,MOW,Fasilitas Kesehatan KB Swasta,3865
2018,10,Jakarta Selatan,MOP,Fasilitas Kesehatan KB Pemerintah,1106
2018,10,Jakarta Selatan,MOP,Fasilitas Kesehatan KB Swasta,504
2018,10,Jakarta Selatan,KONDOM,Fasilitas Kesehatan KB Pemerintah,6724
2018,10,Jakarta Selatan,KONDOM,Fasilitas Kesehatan KB Swasta,7656
2018,10,Jakarta Selatan,IMPLANT,Fasilitas Kesehatan KB Pemerintah,10925
2018,10,Jakarta Selatan,IMPLANT,Fasilitas Kesehatan KB Swasta,6128
2018,10,Jakarta Selatan,SUNTIKAN,Fasilitas Kesehatan KB Pemerintah,43493
2018,10,Jakarta Selatan,SUNTIKAN,Fasilitas Kesehatan KB Swasta,53270
2018,10,Jakarta Selatan,PIL,Fasilitas Kesehatan KB Pemerintah,26475
2018,10,Jakarta Selatan,PIL,Fasilitas Kesehatan KB Swasta,31093
2018,10,Jakarta Timur,IUD,Fasilitas Kesehatan KB Pemerintah,41532
2018,10,Jakarta Timur,IUD,Fasilitas Kesehatan KB Swasta,42713
2018,10,Jakarta Timur,MOW,Fasilitas Kesehatan KB Pemerintah,8826
2018,10,Jakarta Timur,MOW,Fasilitas Kesehatan KB Swasta,5398
2018,10,Jakarta Timur,MOP,Fasilitas Kesehatan KB Pemerintah,1891
2018,10,Jakarta Timur,MOP,Fasilitas Kesehatan KB Swasta,567
2018,10,Jakarta Timur,KONDOM,Fasilitas Kesehatan KB Pemerintah,10011
2018,10,Jakarta Timur,KONDOM,Fasilitas Kesehatan KB Swasta,12408
2018,10,Jakarta Timur,IMPLANT,Fasilitas Kesehatan KB Pemerintah,20254
2018,10,Jakarta Timur,IMPLANT,Fasilitas Kesehatan KB Swasta,11617
2018,10,Jakarta Timur,SUNTIKAN,Fasilitas Kesehatan KB Pemerintah,54194
2018,10,Jakarta Timur,SUNTIKAN,Fasilitas Kesehatan KB Swasta,83890
2018,10,Jakarta Timur,PIL,Fasilitas Kesehatan KB Pemerintah,39080
2018,10,Jakarta Timur,PIL,Fasilitas Kesehatan KB Swasta,62640
2018,10,Kepulauan Seribu,IUD,Fasilitas Kesehatan KB Pemerintah,298
2018,10,Kepulauan Seribu,IUD,Fasilitas Kesehatan KB Swasta,0
2018,10,Kepulauan Seribu,MOW,Fasilitas Kesehatan KB Pemerintah,196
2018,10,Kepulauan Seribu,MOW,Fasilitas Kesehatan KB Swasta,0
2018,10,Kepulauan Seribu,MOP,Fasilitas Kesehatan KB Pemerintah,30
2018,10,Kepulauan Seribu,MOP,Fasilitas Kesehatan KB Swasta,0
2018,10,Kepulauan Seribu,KONDOM,Fasilitas Kesehatan KB Pemerintah,102
2018,10,Kepulauan Seribu,KONDOM,Fasilitas Kesehatan KB Swasta,0
2018,10,Kepulauan Seribu,IMPLANT,Fasilitas Kesehatan KB Pemerintah,399
2018,10,Kepulauan Seribu,IMPLANT,Fasilitas Kesehatan KB Swasta,0
2018,10,Kepulauan Seribu,SUNTIKAN,Fasilitas Kesehatan KB Pemerintah,2624
2018,10,Kepulauan Seribu,SUNTIKAN,Fasilitas Kesehatan KB Swasta,0
2018,10,Kepulauan Seribu,PIL,Fasilitas Kesehatan KB Pemerintah,993
2018,10,Kepulauan Seribu,PIL,Fasilitas Kesehatan KB Swasta,0
2018,11,Jakarta Pusat,IUD,Fasilitas Kesehatan KB Pemerintah,19626
2018,11,Jakarta Pusat,IUD,Fasilitas Kesehatan KB Swasta,13164
2018,11,Jakarta Pusat,MOW,Fasilitas Kesehatan KB Pemerintah,3279
2018,11,Jakarta Pusat,MOW,Fasilitas Kesehatan KB Swasta,2278
2018,11,Jakarta Pusat,MOP,Fasilitas Kesehatan KB Pemerintah,1434
2018,11,Jakarta Pusat,MOP,Fasilitas Kesehatan KB Swasta,688
2018,11,Jakarta Pusat,KONDOM,Fasilitas Kesehatan KB Pemerintah,5907
2018,11,Jakarta Pusat,KONDOM,Fasilitas Kesehatan KB Swasta,4193
2018,11,Jakarta Pusat,IMPLANT,Fasilitas Kesehatan KB Pemerintah,9565
2018,11,Jakarta Pusat,IMPLANT,Fasilitas Kesehatan KB Swasta,2791
2018,11,Jakarta Pusat,SUNTIKAN,Fasilitas Kesehatan KB Pemerintah,22619
2018,11,Jakarta Pusat,SUNTIKAN,Fasilitas Kesehatan KB Swasta,18738
2018,11,Jakarta Pusat,PIL,Fasilitas Kesehatan KB Pemerintah,17036
2018,11,Jakarta Pusat,PIL,Fasilitas Kesehatan KB Swasta,14085
2018,11,Jakarta Utara,IUD,Fasilitas Kesehatan KB Pemerintah,21806
2018,11,Jakarta Utara,IUD,Fasilitas Kesehatan KB Swasta,34334
2018,11,Jakarta Utara,MOW,Fasilitas Kesehatan KB Pemerintah,6678
2018,11,Jakarta Utara,MOW,Fasilitas Kesehatan KB Swasta,7448
2018,11,Jakarta Utara,MOP,Fasilitas Kesehatan KB Pemerintah,4844
2018,11,Jakarta Utara,MOP,Fasilitas Kesehatan KB Swasta,2198
2018,11,Jakarta Utara,KONDOM,Fasilitas Kesehatan KB Pemerintah,10158
2018,11,Jakarta Utara,KONDOM,Fasilitas Kesehatan KB Swasta,7929
2018,11,Jakarta Utara,IMPLANT,Fasilitas Kesehatan KB Pemerintah,27996
2018,11,Jakarta Utara,IMPLANT,Fasilitas Kesehatan KB Swasta,12217
2018,11,Jakarta Utara,SUNTIKAN,Fasilitas Kesehatan KB Pemerintah,39881
2018,11,Jakarta Utara,SUNTIKAN,Fasilitas Kesehatan KB Swasta,58865
2018,11,Jakarta Utara,PIL,Fasilitas Kesehatan KB Pemerintah,35291
2018,11,Jakarta Utara,PIL,Fasilitas Kesehatan KB Swasta,34059
2018,11,Jakarta Barat,IUD,Fasilitas Kesehatan KB Pemerintah,32134
2018,11,Jakarta Barat,IUD,Fasilitas Kesehatan KB Swasta,39155
2018,11,Jakarta Barat,MOW,Fasilitas Kesehatan KB Pemerintah,5164
2018,11,Jakarta Barat,MOW,Fasilitas Kesehatan KB Swasta,6299
2018,11,Jakarta Barat,MOP,Fasilitas Kesehatan KB Pemerintah,1471
2018,11,Jakarta Barat,MOP,Fasilitas Kesehatan KB Swasta,1935
2018,11,Jakarta Barat,KONDOM,Fasilitas Kesehatan KB Pemerintah,6167
2018,11,Jakarta Barat,KONDOM,Fasilitas Kesehatan KB Swasta,7199
2018,11,Jakarta Barat,IMPLANT,Fasilitas Kesehatan KB Pemerintah,16341
2018,11,Jakarta Barat,IMPLANT,Fasilitas Kesehatan KB Swasta,20360
2018,11,Jakarta Barat,SUNTIKAN,Fasilitas Kesehatan KB Pemerintah,62843
2018,11,Jakarta Barat,SUNTIKAN,Fasilitas Kesehatan KB Swasta,82087
2018,11,Jakarta Barat,PIL,Fasilitas Kesehatan KB Pemerintah,36817
2018,11,Jakarta Barat,PIL,Fasilitas Kesehatan KB Swasta,48370
2018,11,Jakarta Selatan,IUD,Fasilitas Kesehatan KB Pemerintah,31369
2018,11,Jakarta Selatan,IUD,Fasilitas Kesehatan KB Swasta,27511
2018,11,Jakarta Selatan,MOW,Fasilitas Kesehatan KB Pemerintah,4649
2018,11,Jakarta Selatan,MOW,Fasilitas Kesehatan KB Swasta,3913
2018,11,Jakarta Selatan,MOP,Fasilitas Kesehatan KB Pemerintah,1108
2018,11,Jakarta Selatan,MOP,Fasilitas Kesehatan KB Swasta,504
2018,11,Jakarta Selatan,KONDOM,Fasilitas Kesehatan KB Pemerintah,6734
2018,11,Jakarta Selatan,KONDOM,Fasilitas Kesehatan KB Swasta,7659
2018,11,Jakarta Selatan,IMPLANT,Fasilitas Kesehatan KB Pemerintah,11049
2018,11,Jakarta Selatan,IMPLANT,Fasilitas Kesehatan KB Swasta,6163
2018,11,Jakarta Selatan,SUNTIKAN,Fasilitas Kesehatan KB Pemerintah,43612
2018,11,Jakarta Selatan,SUNTIKAN,Fasilitas Kesehatan KB Swasta,53378
2018,11,Jakarta Selatan,PIL,Fasilitas Kesehatan KB Pemerintah,26511
2018,11,Jakarta Selatan,PIL,Fasilitas Kesehatan KB Swasta,31098
2018,11,Jakarta Timur,IUD,Fasilitas Kesehatan KB Pemerintah,41815
2018,11,Jakarta Timur,IUD,Fasilitas Kesehatan KB Swasta,42837
2018,11,Jakarta Timur,MOW,Fasilitas Kesehatan KB Pemerintah,8844
2018,11,Jakarta Timur,MOW,Fasilitas Kesehatan KB Swasta,5401
2018,11,Jakarta Timur,MOP,Fasilitas Kesehatan KB Pemerintah,1891
2018,11,Jakarta Timur,MOP,Fasilitas Kesehatan KB Swasta,567
2018,11,Jakarta Timur,KONDOM,Fasilitas Kesehatan KB Pemerintah,10043
2018,11,Jakarta Timur,KONDOM,Fasilitas Kesehatan KB Swasta,12593
2018,11,Jakarta Timur,IMPLANT,Fasilitas Kesehatan KB Pemerintah,20387
2018,11,Jakarta Timur,IMPLANT,Fasilitas Kesehatan KB Swasta,11628
2018,11,Jakarta Timur,SUNTIKAN,Fasilitas Kesehatan KB Pemerintah,55394
2018,11,Jakarta Timur,SUNTIKAN,Fasilitas Kesehatan KB Swasta,87892
2018,11,Jakarta Timur,PIL,Fasilitas Kesehatan KB Pemerintah,37441
2018,11,Jakarta Timur,PIL,Fasilitas Kesehatan KB Swasta,59255
2018,11,Kepulauan Seribu,IUD,Fasilitas Kesehatan KB Pemerintah,300
2018,11,Kepulauan Seribu,IUD,Fasilitas Kesehatan KB Swasta,0
2018,11,Kepulauan Seribu,MOW,Fasilitas Kesehatan KB Pemerintah,198
2018,11,Kepulauan Seribu,MOW,Fasilitas Kesehatan KB Swasta,0
2018,11,Kepulauan Seribu,MOP,Fasilitas Kesehatan KB Pemerintah,30
2018,11,Kepulauan Seribu,MOP,Fasilitas Kesehatan KB Swasta,0
2018,11,Kepulauan Seribu,KONDOM,Fasilitas Kesehatan KB Pemerintah,102
2018,11,Kepulauan Seribu,KONDOM,Fasilitas Kesehatan KB Swasta,0
2018,11,Kepulauan Seribu,IMPLANT,Fasilitas Kesehatan KB Pemerintah,402
2018,11,Kepulauan Seribu,IMPLANT,Fasilitas Kesehatan KB Swasta,0
2018,11,Kepulauan Seribu,SUNTIKAN,Fasilitas Kesehatan KB Pemerintah,2621
2018,11,Kepulauan Seribu,SUNTIKAN,Fasilitas Kesehatan KB Swasta,0
2018,11,Kepulauan Seribu,PIL,Fasilitas Kesehatan KB Pemerintah,993
2018,11,Kepulauan Seribu,PIL,Fasilitas Kesehatan KB Swasta,0
2018,12,Jakarta Pusat,IUD,Fasilitas Kesehatan KB Pemerintah,19072
2018,12,Jakarta Pusat,IUD,Fasilitas Kesehatan KB Swasta,12882
2018,12,Jakarta Pusat,MOW,Fasilitas Kesehatan KB Pemerintah,3234
2018,12,Jakarta Pusat,MOW,Fasilitas Kesehatan KB Swasta,227
2018,12,Jakarta Pusat,MOP,Fasilitas Kesehatan KB Pemerintah,1394
2018,12,Jakarta Pusat,MOP,Fasilitas Kesehatan KB Swasta,697
2018,12,Jakarta Pusat,KONDOM,Fasilitas Kesehatan KB Pemerintah,5527
2018,12,Jakarta Pusat,KONDOM,Fasilitas Kesehatan KB Swasta,4141
2018,12,Jakarta Pusat,IMPLANT,Fasilitas Kesehatan KB Pemerintah,9307
2018,12,Jakarta Pusat,IMPLANT,Fasilitas Kesehatan KB Swasta,2731
2018,12,Jakarta Pusat,SUNTIKAN,Fasilitas Kesehatan KB Pemerintah,21867
2018,12,Jakarta Pusat,SUNTIKAN,Fasilitas Kesehatan KB Swasta,17108
2018,12,Jakarta Pusat,PIL,Fasilitas Kesehatan KB Pemerintah,16214
2018,12,Jakarta Pusat,PIL,Fasilitas Kesehatan KB Swasta,14008
2018,12,Jakarta Utara,IUD,Fasilitas Kesehatan KB Pemerintah,22105
2018,12,Jakarta Utara,IUD,Fasilitas Kesehatan KB Swasta,34447
2018,12,Jakarta Utara,MOW,Fasilitas Kesehatan KB Pemerintah,6694
2018,12,Jakarta Utara,MOW,Fasilitas Kesehatan KB Swasta,7452
2018,12,Jakarta Utara,MOP,Fasilitas Kesehatan KB Pemerintah,4848
2018,12,Jakarta Utara,MOP,Fasilitas Kesehatan KB Swasta,2199
2018,12,Jakarta Utara,KONDOM,Fasilitas Kesehatan KB Pemerintah,10348
2018,12,Jakarta Utara,KONDOM,Fasilitas Kesehatan KB Swasta,8052
2018,12,Jakarta Utara,IMPLANT,Fasilitas Kesehatan KB Pemerintah,27581
2018,12,Jakarta Utara,IMPLANT,Fasilitas Kesehatan KB Swasta,12324
2018,12,Jakarta Utara,SUNTIKAN,Fasilitas Kesehatan KB Pemerintah,41101
2018,12,Jakarta Utara,SUNTIKAN,Fasilitas Kesehatan KB Swasta,59086
2018,12,Jakarta Utara,PIL,Fasilitas Kesehatan KB Pemerintah,35658
2018,12,Jakarta Utara,PIL,Fasilitas Kesehatan KB Swasta,34182
2018,12,Jakarta Barat,IUD,Fasilitas Kesehatan KB Pemerintah,32218
2018,12,Jakarta Barat,IUD,Fasilitas Kesehatan KB Swasta,3918
2018,12,Jakarta Barat,MOW,Fasilitas Kesehatan KB Pemerintah,5185
2018,12,Jakarta Barat,MOW,Fasilitas Kesehatan KB Swasta,6299
2018,12,Jakarta Barat,MOP,Fasilitas Kesehatan KB Pemerintah,1472
2018,12,Jakarta Barat,MOP,Fasilitas Kesehatan KB Swasta,1935
2018,12,Jakarta Barat,KONDOM,Fasilitas Kesehatan KB Pemerintah,6254
2018,12,Jakarta Barat,KONDOM,Fasilitas Kesehatan KB Swasta,7199
2018,12,Jakarta Barat,IMPLANT,Fasilitas Kesehatan KB Pemerintah,16408
2018,12,Jakarta Barat,IMPLANT,Fasilitas Kesehatan KB Swasta,2036
2018,12,Jakarta Barat,SUNTIKAN,Fasilitas Kesehatan KB Pemerintah,61038
2018,12,Jakarta Barat,SUNTIKAN,Fasilitas Kesehatan KB Swasta,814
2018,12,Jakarta Barat,PIL,Fasilitas Kesehatan KB Pemerintah,37021
2018,12,Jakarta Barat,PIL,Fasilitas Kesehatan KB Swasta,48392
2018,12,Jakarta Selatan,IUD,Fasilitas Kesehatan KB Pemerintah,3154
2018,12,Jakarta Selatan,IUD,Fasilitas Kesehatan KB Swasta,27693
2018,12,Jakarta Selatan,MOW,Fasilitas Kesehatan KB Pemerintah,4761
2018,12,Jakarta Selatan,MOW,Fasilitas Kesehatan KB Swasta,3954
2018,12,Jakarta Selatan,MOP,Fasilitas Kesehatan KB Pemerintah,1108
2018,12,Jakarta Selatan,MOP,Fasilitas Kesehatan KB Swasta,505
2018,12,Jakarta Selatan,KONDOM,Fasilitas Kesehatan KB Pemerintah,6796
2018,12,Jakarta Selatan,KONDOM,Fasilitas Kesehatan KB Swasta,7746
2018,12,Jakarta Selatan,IMPLANT,Fasilitas Kesehatan KB Pemerintah,11106
2018,12,Jakarta Selatan,IMPLANT,Fasilitas Kesehatan KB Swasta,6199
2018,12,Jakarta Selatan,SUNTIKAN,Fasilitas Kesehatan KB Pemerintah,44028
2018,12,Jakarta Selatan,SUNTIKAN,Fasilitas Kesehatan KB Swasta,53876
2018,12,Jakarta Selatan,PIL,Fasilitas Kesehatan KB Pemerintah,26642
2018,12,Jakarta Selatan,PIL,Fasilitas Kesehatan KB Swasta,31321
2018,12,Jakarta Timur,IUD,Fasilitas Kesehatan KB Pemerintah,4232
2018,12,Jakarta Timur,IUD,Fasilitas Kesehatan KB Swasta,42991
2018,12,Jakarta Timur,MOW,Fasilitas Kesehatan KB Pemerintah,8887
2018,12,Jakarta Timur,MOW,Fasilitas Kesehatan KB Swasta,5423
2018,12,Jakarta Timur,MOP,Fasilitas Kesehatan KB Pemerintah,1891
2018,12,Jakarta Timur,MOP,Fasilitas Kesehatan KB Swasta,567
2018,12,Jakarta Timur,KONDOM,Fasilitas Kesehatan KB Pemerintah,10065
2018,12,Jakarta Timur,KONDOM,Fasilitas Kesehatan KB Swasta,1269
2018,12,Jakarta Timur,IMPLANT,Fasilitas Kesehatan KB Pemerintah,20735
2018,12,Jakarta Timur,IMPLANT,Fasilitas Kesehatan KB Swasta,117
2018,12,Jakarta Timur,SUNTIKAN,Fasilitas Kesehatan KB Pemerintah,55652
2018,12,Jakarta Timur,SUNTIKAN,Fasilitas Kesehatan KB Swasta,89034
2018,12,Jakarta Timur,PIL,Fasilitas Kesehatan KB Pemerintah,37684
2018,12,Jakarta Timur,PIL,Fasilitas Kesehatan KB Swasta,59371
2018,12,Kepulauan Seribu,IUD,Fasilitas Kesehatan KB Pemerintah,302
2018,12,Kepulauan Seribu,IUD,Fasilitas Kesehatan KB Swasta,0
2018,12,Kepulauan Seribu,MOW,Fasilitas Kesehatan KB Pemerintah,198
2018,12,Kepulauan Seribu,MOW,Fasilitas Kesehatan KB Swasta,0
2018,12,Kepulauan Seribu,MOP,Fasilitas Kesehatan KB Pemerintah,30
2018,12,Kepulauan Seribu,MOP,Fasilitas Kesehatan KB Swasta,0
2018,12,Kepulauan Seribu,KONDOM,Fasilitas Kesehatan KB Pemerintah,103
2018,12,Kepulauan Seribu,KONDOM,Fasilitas Kesehatan KB Swasta,0
2018,12,Kepulauan Seribu,IMPLANT,Fasilitas Kesehatan KB Pemerintah,404
2018,12,Kepulauan Seribu,IMPLANT,Fasilitas Kesehatan KB Swasta,0
2018,12,Kepulauan Seribu,SUNTIKAN,Fasilitas Kesehatan KB Pemerintah,2636
2018,12,Kepulauan Seribu,SUNTIKAN,Fasilitas Kesehatan KB Swasta,0
2018,12,Kepulauan Seribu,PIL,Fasilitas Kesehatan KB Pemerintah,999
2018,12,Kepulauan Seribu,PIL,Fasilitas Kesehatan KB Swasta,0
