,email,faximile,id,jenis_rs,kode_kecamatan,kode_kelurahan,kode_kota,kode_pos,latitude,location.alamat,location.latitude,location.longitude,longitude,nama_rs,telepon,website,properties.kode_kecamatan,properties.kode_kota,properties.kode_provinsi,properties.nama_kecamatan,properties.nama_kota,properties.nama_provinsi
0,"kusmedi@gmail.com, rsd_tarakan@yahoo.com","['3503412', ' 3863309']",2,Rumah Sakit Umum Daerah,3173080,3173080001,3173,10150,-6.171333,Jl. Kyai Caringin No. 7,-6.171333,106.810013,106.810013,Tarakan,"['3503150', '3503003', '3508993']",www.rstarakanjakarta.com,3173080.0,3173.0,31.0,Gambir,Jakarta Pusat,DAERAH KHUSUS IBUKOTA JAKARTA
1,rsalmintohardjo@ymail.com,['5711997'],3,Rumah Sakit Umum TNI - Angkatan Laut,3173010,3173010002,3173,10210,-6.210848,Jl. Bendungan Hilir No. 17,-6.210848,106.811996,106.811996,DR. Mintohardjo,['5703081 - 85'],www.rsaldrmintohardjo.com,3173010.0,3173.0,31.0,Tanah Abang,Jakarta Pusat,DAERAH KHUSUS IBUKOTA JAKARTA
2,information@ssmh.co.id,"['5705505', '5727213']",4,Rumah Sakit Umum,3173010,3173010003,3173,10220,-6.209445,Jl. Jenderal Sudirman Kavling 86,-6.209445,106.819382,106.819382,Sahid Sahirman,"['5704591', '5703231']",www.ssmh.co.id,3173010.0,3173.0,31.0,Tanah Abang,Jakarta Pusat,DAERAH KHUSUS IBUKOTA JAKARTA
3,"tedjowa@yahoo.com, mail@rscikini.com","['31924663', '31908391']",5,Rumah Sakit Umum,3173020,3173020003,3173,10330,-6.19127,Jl. Raden Saleh No. 40 ,-6.19127,106.841408,106.841408,PGI Cikini,['38997777'], www.rscikini.com,3173020.0,3173.0,31.0,Menteng,Jakarta Pusat,DAERAH KHUSUS IBUKOTA JAKARTA
4,"panela_ramadita@yahoo.com, info@rsmentengmitraafia.com",['3146309'],6,Rumah Sakit Umum,3173020,3173020003,3173,10340,-6.187353,Jl. Kali Pasir  No. 9,-6.187353,106.839081,106.839081,Menteng Mitra Afia,['3154050'],www.rsmentengmitraafia.com,3173020.0,3173.0,31.0,Menteng,Jakarta Pusat,DAERAH KHUSUS IBUKOTA JAKARTA
5,dr.migot@yahoo.co.id,['31930866'],7,Rumah Sakit Umum,3173020,3173020004,3173,10350,-6.189762,Jalan  HOS Cokroaminoto  Nomor 31-33,-6.189762,106.8293,106.8293,Abdi Waluyo,['3144989'],,3173020.0,3173.0,31.0,Menteng,Jakarta Pusat,DAERAH KHUSUS IBUKOTA JAKARTA
6,bundahospital@bunda.co.id,['3101077'],8,Rumah Sakit Umum,3173020,3173020004,3173,10350,-6.196026,Jl. Teuku Cik Ditiro No. 21,-6.196026,106.836517,106.836517,Bunda Jakarta,"['3909692', '31923939']",www.bunda.co.id,3173020.0,3173.0,31.0,Menteng,Jakarta Pusat,DAERAH KHUSUS IBUKOTA JAKARTA
7,rspadgatsu@pdpersi.co.id,['3440693'],9,Rumah Sakit Umum Pusat Angkatan Darat,3173030,3173030005,3173,10410,-6.176608,Jl. Dr. Abdul Rachman Saleh 24,-6.176608,106.836861,106.836861,Gatot Soebroto,['3441008'],,3173030.0,3173.0,31.0,Senen,Jakarta Pusat,DAERAH KHUSUS IBUKOTA JAKARTA
8,"perbendaharaan.rscm@yahoo.com, dir_rscm@yahoo.com",['3148991'],10,Rumah Sakit Umum Pusat Nasional,3173030,3173030001,3173,10430,-6.196762,Jl. Diponegoro No. 71,-6.196762,106.846886,106.846886,Dr. Cipto Mangunkusumo,['3918301'],www.rscm.co.id,3173030.0,3173.0,31.0,Senen,Jakarta Pusat,DAERAH KHUSUS IBUKOTA JAKARTA
9,"tanjung_widia@yahoo.com, rsmrm74@yahoo.com",['3916888'],11,Rumah Sakit Tk. II,3173030,3173030001,3173,10430,-6.191414,Jl. Kramat Raya  No. 174,-6.191414,106.847,106.847,Moh Ridwan Meuraksa,"['3150535 ', '323094']",,3173030.0,3173.0,31.0,Senen,Jakarta Pusat,DAERAH KHUSUS IBUKOTA JAKARTA
10,dyah.agustina.w@gmail.com ; info@rskramat128.com,['3909125'],12,Rumah Sakit Umum,3173030,3173030001,3173,10430,-6.18536,Jalan  Kramat Raya  Nomor 128,-6.18536,106.843994,106.843994,Kramat 128,['3909513 ; 3909514'],www.rskramat128.com,3173030.0,3173.0,31.0,Senen,Jakarta Pusat,DAERAH KHUSUS IBUKOTA JAKARTA
11,"markus_wasesa@yahoo.com, humas_pksc.or.id, carolus@pdpersi.co.id",['3103226'],13,Rumah Sakit Umum,3173030,3173030002,3173,10440,-6.195917,Jl. Salemba Raya No. 41,-6.195917,106.851006,106.851006,PK. St. Carolus ,['3904441'],,3173030.0,3173.0,31.0,Senen,Jakarta Pusat,DAERAH KHUSUS IBUKOTA JAKARTA
12,info@thamrinhospital.com,['3107816-2305182'],14,Rumah Sakit Umum,3173030,3173030002,3173,10440,-6.193444,Jl. Salemba Tengah 26 - 28,-6.193444,106.852005,106.852005,Moh. Husni Thamrin Salemba,['3904422 Ext.1900 ;1919'],www.thamrinhospital.com,3173030.0,3173.0,31.0,Senen,Jakarta Pusat,DAERAH KHUSUS IBUKOTA JAKARTA
13,"rsijpusat@rsi.co.id,  rsij@cbn.net.id",['4206681'],15,Rumah Sakit Umum,3173050,3173050002,3173,10510,-6.170203,Jl. Cempaka Putih Tengah I / 1,-6.170203,106.870659,106.870659,Islam Jakarta Cempaka Putih,['42801567-4250451'],www.rsi.co.id,3173050.0,3173.0,31.0,Cempaka Putih,Jakarta Pusat,DAERAH KHUSUS IBUKOTA JAKARTA
14,pertamedika.rspj@gmail.com,['4211913'],16,Rumah Sakit Umum,3173050,3173050002,3173,10510,-6.173366,"Jl. Achmad Yani No. 2, By Pass",-6.173366,106.876312,106.876312,Pertamina Jaya,['4211911'],www.rspj.co.id,3173050.0,3173.0,31.0,Cempaka Putih,Jakarta Pusat,DAERAH KHUSUS IBUKOTA JAKARTA
15,info@rsia_evasari@yahoo.com,['4209725'],17,Rumah Sakit Umum,3173050,3173050001,3173,10570,-6.193554,Jalan  Rawamangun  Nomor 47,-6.193554,106.859947,106.859947,Evasari,['4202851-4'],www.evasari-jakarta.awalbros.com,3173050.0,3173.0,31.0,Cempaka Putih,Jakarta Pusat,DAERAH KHUSUS IBUKOTA JAKARTA
16,kemayoran@mitrakeluarga.com,['6545959'],18,Rumah Sakit Umum,3175030,3175030002,3175,10630,-6.151878,Jl. Landas Pacu Timur,-6.151878,106.858414,106.858414,Mitra Kemayoran,['6545555'],www.mitrakemayoran.com,3175030.0,3175.0,31.0,Tanjung Priok,Jakarta Utara,DAERAH KHUSUS IBUKOTA JAKARTA
17,husada@husada.co.id,['6497494'],19,Rumah Sakit Umum,3173070,3173070005,3173,10730,-6.147598,Jl. Raya Mangga Besar Raya 137 - 139,-6.147598,106.828812,106.828812,Husada ,['6260208 - 6490090'],www.husada.co.id,3173070.0,3173.0,31.0,Sawah Besar,Jakarta Pusat,DAERAH KHUSUS IBUKOTA JAKARTA
18,rsijsukapura@gmail.com,['4400782'],21,Rumah Sakit Umum,3175060,3175060001,3175,14140,-6.139646,Jl. Tipar - Cakung No. 5,-6.139646,106.920921,106.920921,Islam Jakarta Sukapura,"['4400778', '4400779', '4400781']",www.rsijsukapura@.co.id,3175060.0,3175.0,31.0,Cilincing,Jakarta Utara,DAERAH KHUSUS IBUKOTA JAKARTA
19,rsu.pekerja@gmail.com,['29482875'],22,Rumah Sakit Umum,3175060,3175060001,3175,14140,-6.144747,"Jalan  Raya Cakung Cilincing, RT.002/RW.003 ",-6.144747,106.923759,106.923759,Pekerja,['29484848  (10 lines)'],www.kbn.co.id,3175060.0,3175.0,31.0,Cilincing,Jakarta Utara,DAERAH KHUSUS IBUKOTA JAKARTA
20,rsudkoja@ymail.com,['4352401 - 4372273'],23,Rumah Sakit Umum Daerah,3175040,3175040006,3175,14220,-6.108805,Jl. Deli No. 4  Tanjung Priok,-6.108805,106.900162,106.900162,Koja,['43938478'],www.rsudkoja.com,3175040.0,3175.0,31.0,Koja,Jakarta Utara,DAERAH KHUSUS IBUKOTA JAKARTA
21,kelapagading@mitrakeluarga.com,['45852727'],24,Rumah Sakit Umum,3175050,3175050001,3175,14240,-6.151771,Jl. Bukit Gading Raya Kav. II,-6.151771,106.897102,106.897102,Mitra Keluarga Kelapa Gading,['45852700'],www.mitrakeluarga.com,3175050.0,3175.0,31.0,Kelapa Gading,Jakarta Utara,DAERAH KHUSUS IBUKOTA JAKARTA
22,gadingpluit@gadingpluit-hospital.com,['4520578'],25,Rumah Sakit Umum,3175050,3175050003,3175,14250,-6.166122,Jl. Boulevard Timur Raya RT. 006 / 02,-6.166122,106.915993,106.915993,Gading Pluit,"['4521001', '4520201']",,3175050.0,3175.0,31.0,Kelapa Gading,Jakarta Utara,DAERAH KHUSUS IBUKOTA JAKARTA
23,marketing.rspj@gmail.com,"['4403551', '4406886']",26,Rumah Sakit Umum,3175040,3175040003,3175,14260,-6.124692,"Jl. Kramat Jaya, Tanjung Priok",-6.124692,106.917519,106.917519,Pelabuhan Jakarta,['4403026'],www.rspelabuhan.com,3175040.0,3175.0,31.0,Koja,Jakarta Utara,DAERAH KHUSUS IBUKOTA JAKARTA
24,info@rsmulyasari.com,['43935676'],27,Rumah Sakit Umum,3175040,3175040003,3175,14260,-6.129088,Jl. Raya Plumpang Semper No. 19,-6.129088,106.906509,106.906509,Mulyasari,"['4390666', '4393111', '4393888']",www.rsmulyasari.com,3175040.0,3175.0,31.0,Koja,Jakarta Utara,DAERAH KHUSUS IBUKOTA JAKARTA
25,tienastari_jpkm@yahoo.com,['43902302'],28,Rumah Sakit Umum,3175030,3175030007,3175,14310,-6.110295,Jl. Enggano No. 10,-6.110295,106.889389,106.889389,Port Medical Center,['43902350'],,3175030.0,3175.0,31.0,Tanjung Priok,Jakarta Utara,DAERAH KHUSUS IBUKOTA JAKARTA
26,"sriha36@gmail.com, sukmul@indosat.net.id",['4301272'],29,Rumah Sakit Umum,3175030,3175030007,3175,14310,-6.112143,Jl. Tawes No. 18-20 ,-6.112143,106.881996,106.881996,Sukmul Sisma Medika,['4301269'],,3175030.0,3175.0,31.0,Tanjung Priok,Jakarta Utara,DAERAH KHUSUS IBUKOTA JAKARTA
27,purmed-medcen@centrin.net.id,['43903388'],30,Rumah Sakit Umum,3175030,3175030006,3175,14330,-6.129145,Jl Sungai Bambu  No. 5,-6.129145,106.890198,106.890198,Puri Medika,['43903355-43901273'],www.purimdika.com,3175030.0,3175.0,31.0,Tanjung Priok,Jakarta Utara,DAERAH KHUSUS IBUKOTA JAKARTA
28,"chitra_usmanuddin@yahoo.com, rssn@cbn.net.id",['687813-64717813'],31,Rumah Sakit Umum,3175030,3175030001,3175,14350,-6.138887,Jl. Agung Utara Raya Blok A No. 1,-6.138887,106.861549,106.861549,Satya Negara,"['65836583', '64715200', '64715900']",www.rssatyanegara.com,3175030.0,3175.0,31.0,Tanjung Priok,Jakarta Utara,DAERAH KHUSUS IBUKOTA JAKARTA
29,"setdir.rssn@gmail.com, ask.us@royalprogress.com",['6400778'],32,Rumah Sakit Umum,3175030,3175030001,3175,14350,-6.139086,Jl. Danau Sunter Utara Blok F 25 No. 12,-6.139086,106.865395,106.865395,Royal Progress,['6459877-6400261'],www.royalprogress.com,3175030.0,3175.0,31.0,Tanjung Priok,Jakarta Utara,DAERAH KHUSUS IBUKOTA JAKARTA
30,podomoro@rsiahermina.com,['6518720'],33,Rumah Sakit Umum,3175030,3175030001,3175,14350,-6.145772,Jalan  Danau Agung 2 Blok E 3  Nomor 28-30,-6.145772,106.859978,106.859978,Hermina Podomoro,['6404910'],www.hermina.com,3175030.0,3175.0,31.0,Tanjung Priok,Jakarta Utara,DAERAH KHUSUS IBUKOTA JAKARTA
31,rsatmajaya@pdpersi.co.id,['6606122'],34,Rumah Sakit Umum,3175010,3175010004,3175,14440,-6.126524,Jl. Pluit Raya No. 2,-6.126524,106.792809,106.792809,Atma Jaya,['6606121 ; 6606127'],,3175010.0,3175.0,31.0,Penjaringan,Jakarta Utara,DAERAH KHUSUS IBUKOTA JAKARTA
32,pluithospital@pluit-hospital.com,['6684878'],35,Rumah Sakit Umum,3175010,3175010004,3175,14440,-6.125572,Jl. Raya Pluit Selatan No. 2,-6.125572,106.799835,106.799835,Pluit,['6685006 - 6685070'],www.pluit-hospital.com,3175010.0,3175.0,31.0,Penjaringan,Jakarta Utara,DAERAH KHUSUS IBUKOTA JAKARTA
33,,['666676190'],36,Rumah Sakit Umum,3175010,3175010003,3175,14450,-6.138351,Jalan  Teluk Gong Raya  Nomor 12,-6.138351,106.783676,106.783676,Duta Indah,['66676188'],,3175010.0,3175.0,31.0,Penjaringan,Jakarta Utara,DAERAH KHUSUS IBUKOTA JAKARTA
34,pr@pikhospital.co.id,['5880910'],37,Rumah Sakit Umum,3175010,3175010002,3175,14460,-6.111786,Jl. Pantai Indah Utara 3 Sek. Utr. Tmr Blok T,-6.111786,106.752617,106.752617,Pantai Indah Kapuk,['5880911'],www.pikhospital.co.id,3175010.0,3175.0,31.0,Penjaringan,Jakarta Utara,DAERAH KHUSUS IBUKOTA JAKARTA
35,"info@rspelni.co.id, danty@rspelni.net",['5483145'],39,Rumah Sakit Umum,3174030,3174030002,3174,11410,-6.193323,Jl. Aip II K. S. Tubun No. 92-94,-6.193323,106.804817,106.804817,Pelni Petamburan,['5480608'],,3174030.0,3174.0,31.0,Palmerah,Jakarta Barat,DAERAH KHUSUS IBUKOTA JAKARTA
36,rs.bhaktimulia@yahoo.co.id,['5331544'],40,Rumah Sakit Umum,3174030,3174030002,3174,11410,-6.199652,Jl. Aipda K. S. Tubun No. 79,-6.199652,106.800537,106.800537,Bhakti Mulia,"['5481625', '5481262']",,3174030.0,3174.0,31.0,Palmerah,Jakarta Barat,DAERAH KHUSUS IBUKOTA JAKARTA
37,"bambang.heri@gmail.com, sekretariat@rssumberwaras.com",['5673122'],41,Rumah Sakit Umum,3174040,3174040003,3174,11440,-6.167247,Jl. Kyai Tapa No. 1,-6.167247,106.79837,106.79837,Sumber Waras ,['5682011-5663726'],www.rssumberwaras.com,3174040.0,3174.0,31.0,Grogol Petamburan,Jakarta Barat,DAERAH KHUSUS IBUKOTA JAKARTA
38,direksi@rs-royaltaruma.com,['56958589'],42,Rumah Sakit Umum,3174040,3174040001,3174,11470,-6.166489,Jl. Daan Mogot  No. 34,-6.166489,106.785637,106.785637,Royal Taruma,"['56958338', '56967788']",www.rs-royaltaruma.com,3174040.0,3174.0,31.0,Grogol Petamburan,Jakarta Barat,DAERAH KHUSUS IBUKOTA JAKARTA
39,patria_ikkt@yahoo.co.id,['5346387'],43,Rumah Sakit Umum,3174030,3174030001,3174,11480,-6.197132,"Jalan Cendrawasih Nomor 1 Komp.Dep.Han, Mabes TNI  Slipi",-6.197132,106.7929,106.7929,Patria IKKT,['5308981-5308984'],,3174030.0,3174.0,31.0,Palmerah,Jakarta Barat,DAERAH KHUSUS IBUKOTA JAKARTA
40,customer_service@rspurimandirikedoya.com,['5816185 ; 5828499'],44,Rumah Sakit Umum,3174020,3174020006,3174,11520,-6.187422,Jl. Kedoya Raya / Al-Kamal No. 2,-6.187422,106.761673,106.761673,Puri Mandiri Kedoya,['5802126 ; 5828299'],,3174020.0,3174.0,31.0,Kebon Jeruk,Jakarta Barat,DAERAH KHUSUS IBUKOTA JAKARTA
41,info@grhakedoya.com,['56982233'],45,Rumah Sakit Umum,3174020,3174020007,3174,11520,-6.168242,Jl. Panjang Arteri 26,-6.168242,106.765175,106.765175,Grha Kedoya,"['56982222', '29910999']",www.grhakedoya.com,3174020.0,3174.0,31.0,Kebon Jeruk,Jakarta Barat,DAERAH KHUSUS IBUKOTA JAKARTA
42,info@siloamhospitals.com,['5321766'],46,Rumah Sakit Umum,3174020,3174020004,3174,11530,-6.190661,Jl. Raya Pejuangan Kav. 8,-6.190661,106.76384,106.76384,Siloam Hospitals Kebon Jeruk,['5300887 ; 8 ; 9'],www.siloamhospital.com,3174020.0,3174.0,31.0,Kebon Jeruk,Jakarta Barat,DAERAH KHUSUS IBUKOTA JAKARTA
43,mph-mkt@rad.net.id,['5305291'],47,Rumah Sakit Umum,3174020,3174020001,3174,11560,-6.218273,Jl. Raya Kebayoran Lama No. 64 ,-6.218273,106.77832,106.77832,Medika Permata Hijau,['5347411 - 5305288'],www.rsmph.co.id,3174020.0,3174.0,31.0,Kebon Jeruk,Jakarta Barat,DAERAH KHUSUS IBUKOTA JAKARTA
44,rspi@rspondokindah.co.id,['25695205'],48,Rumah Sakit Umum,3174010,3174010005,3174,11610,-6.185972,Jl. Puri Indah Raya  Blok S-2,-6.185972,106.735947,106.735947,Pondok Indah - Puri Indah,"['25695222', '25695200']",www.rspondokindah.co.id,3174010.0,3174.0,31.0,Kembangan,Jakarta Barat,DAERAH KHUSUS IBUKOTA JAKARTA
45,hafifahany@rsudcengkareng.com,"['54372884 ; 54374844 ', '5442693']",49,Rumah Sakit Umum Daerah,3174070,3174070005,3174,11730,-6.142909,"Jl. Kamal Raya, Bumi Cengkareng Indah",-6.142909,106.735199,106.735199,Cengkareng,"['5442692 ', '54372874 - 6']",www.rsudcengkareng.com,3174070.0,3174.0,31.0,Cengkareng,Jakarta Barat,DAERAH KHUSUS IBUKOTA JAKARTA
46,daanmogot@herminahospitalgroup.com,['5449869'],50,Rumah Sakit Umum,3174080,3174080002,3174,11840,-6.152913,"Jl. Kintamani Raya No. 2, Kawasan Daan Mogot Baru",-6.152913,106.71241,106.71241,Hermina Daan Mogot,['5408989 - 5411109'],www.herminahospitalgroup.com,3174080.0,3174.0,31.0,Kalideres,Jakarta Barat,DAERAH KHUSUS IBUKOTA JAKARTA
47,"dr.maulana@gmail.com, syafik_a@hotmail.com, humasrspp@pertamedika.co.id","['7209811', '7203540']",52,Rumah Sakit Umum,3171060,3171060007,3171,12120,-6.240607,Jl. Kyai Maja No. 43,-6.240607,106.792831,106.792831,Pusat Pertamina ,['7219202-7200290'],www.rspp.co.id,3171060.0,3171.0,31.0,Kebayoran Baru,Jakarta Selatan,DAERAH KHUSUS IBUKOTA JAKARTA
48,rsiamtp@rsiamtp.com,['7234823'],53,Rumah Sakit Umum,3171060,3171060006,3171,12130,-6.241654,Jl. Gandaria I / 20,-6.241654,106.787193,106.787193,Muhammadiyah Taman Puring,"['7208358', '7250243']",www.rsiamtp.com,3171060.0,3171.0,31.0,Kebayoran Baru,Jakarta Selatan,DAERAH KHUSUS IBUKOTA JAKARTA
49,,['7248175 - 7222038'],54,Rumah Sakit Umum,3171060,3171060006,3171,12140,-6.244061,Jl. Gandaria Tengah II No. 6 - 14,-6.244061,106.790398,106.790398,Gandaria,['7250718-7203311'],,3171060.0,3171.0,31.0,Kebayoran Baru,Jakarta Selatan,DAERAH KHUSUS IBUKOTA JAKARTA
50,rsyadika@yahoo.com,['72895046'],55,Rumah Sakit Umum,3171050,3171050002,3171,12240,-6.255353,Jalan  Ciputat Raya  Nomor 5,-6.255353,106.777405,106.777405,Yadika Kebayoran Lama,"['7291074', '7291077']",,3171050.0,3171.0,31.0,Kebayoran Lama,Jakarta Selatan,DAERAH KHUSUS IBUKOTA JAKARTA
51,rspi@rspondokindah.co.id,['7502324'],56,Rumah Sakit Umum,3171050,3171050001,3171,12310,-6.283649,"Jl. Metro Duta Kav. UE,  Pondok Indah",-6.283649,106.781296,106.781296,Pondok Indah - Pondok Indah,['7657525-7692252'],www.rspondokindah.co.id,3171050.0,3171.0,31.0,Kebayoran Lama,Jakarta Selatan,DAERAH KHUSUS IBUKOTA JAKARTA
52,"rs.sespimma_polri@yahoo.co.id, yenifebrianti66@yahoo.com",['021-7666106'],57,Rumah Sakit Umum,3171050,3171050001,3171,12310,-6.286687,Jalan  Ciputat Raya Nomor 40,-6.286687,106.770523,106.770523,Bhayangkara Sespimma Polri,['021-7650384 ; 7666087 ; 7692919'],,3171050.0,3171.0,31.0,Kebayoran Lama,Jakarta Selatan,DAERAH KHUSUS IBUKOTA JAKARTA
53,"pemasaranrsds@yahoo.com, humas@suyotohospital.com","['77884000', '73425817']",58,Rumah Sakit Umum,3171040,3171040001,3171,12330,-6.267451,Jl. R.C. Veteran No. 178,-6.267451,106.766129,106.766129,Dr. Suyoto,['7342581'],www.suyotohospital.com,3171040.0,3171.0,31.0,Pesanggrahan,Jakarta Selatan,DAERAH KHUSUS IBUKOTA JAKARTA
54,rsupf@fatmawatihospita.com,['7690123 - 7504022'],59,Rumah Sakit Umum Pusat,3171030,3171030003,3171,12430,-6.295009,Jl. RS. Fatmawati,-6.295009,106.795578,106.795578,Fatmawati ,"['7660552', '7501524']",www.fatmawatihospital.com,3171030.0,3171.0,31.0,Cilandak,Jakarta Selatan,DAERAH KHUSUS IBUKOTA JAKARTA
55,"dwilaras_p@yahoo.com,  info@rssetiamitra.co.id",['7656875'],60,Rumah Sakit Umum,3171030,3171030003,3171,12430,-6.281337,Jl. RS Fatmawati No. 80 - 82,-6.281337,106.795708,106.795708,Setia Mitra,['7656000'],,3171030.0,3171.0,31.0,Cilandak,Jakarta Selatan,DAERAH KHUSUS IBUKOTA JAKARTA
56,irna.hardiawan@siloamhospitals.com,[''],61,Rumah Sakit Umum,3171030,3171030001,3171,12430,-6.292365,Jl. RA. Kartini No.8,-6.292365,106.783905,106.783905,Siloam TB Simatupang,['29531900'],www.siloamhospital.com,3171030.0,3171.0,31.0,Cilandak,Jakarta Selatan,DAERAH KHUSUS IBUKOTA JAKARTA
57,,[''],62,Rumah Sakit Umum,3171030,3171030003,3171,12440,-6.298736,Jl. Lebak Bulus I  RT.006 / RW.004,-6.298736,106.785728,106.785728,Mayapada,[''],,3171030.0,3171.0,31.0,Cilandak,Jakarta Selatan,DAERAH KHUSUS IBUKOTA JAKARTA
58,prikasih@cbn.net.id,['7505148'],63,Rumah Sakit Umum,3171030,3171030002,3171,12450,-6.314489,Jl. RS. Fatmawati No. 74  RT.005 / RW.01,-6.314489,106.793518,106.793518,Prikasih,"['7501192', '7504669']",www.rsprikasih.com,3171030.0,3171.0,31.0,Cilandak,Jakarta Selatan,DAERAH KHUSUS IBUKOTA JAKARTA
59,rs_sigaraya@pdpersi.co,['7970494'],64,Rumah Sakit Umum,3171020,3171020006,3171,12510,-6.272883,Jl. Siaga Raya Kav. 4 - 8,-6.272883,106.838951,106.838951,Siaga Raya,['7972750-7972790'],,3171020.0,3171.0,31.0,Pasar Minggu,Jakarta Selatan,DAERAH KHUSUS IBUKOTA JAKARTA
60,"enytiar@yahoo.com, layanan@rsmarinir.com",['7812764'],65,Rumah Sakit Umum,3171020,3171020001,3171,12560,-6.305478,Jl. Raya Cilandak  KKO,-6.305478,106.813354,106.813354,Rumkital Marinir Cilandak,"['7805296', '7805415']",,3171020.0,3171.0,31.0,Pasar Minggu,Jakarta Selatan,DAERAH KHUSUS IBUKOTA JAKARTA
61,md_azri@yahoo.com,['78885063'],66,Rumah Sakit Umum,3171010,3171010001,3171,12630,-6.344991,Jalan  Warung Silah  Nomor 1  RT.008 / RW.05,-6.344991,106.813705,106.813705,Ali Sibroh Malisi,"['021-7868172', '7270681']",,3171010.0,3171.0,31.0,Jagakarsa,Jakarta Selatan,DAERAH KHUSUS IBUKOTA JAKARTA
62,marketing@rszahirah.com,['7270013'],67,Rumah Sakit Umum,3171010,3171010004,3171,12690,-6.335719,Jl. Sirsak No. 21,-6.335719,106.823326,106.823326,Zahirah,"['7872210', '78888723']",www.rszahirah.com,3171010.0,3171.0,31.0,Jagakarsa,Jakarta Selatan,DAERAH KHUSUS IBUKOTA JAKARTA
63,rs_jmc@cbn.net.id,['7940838'],68,Rumah Sakit Umum,3171080,3171080001,3171,12740,-6.271507,Jl. Warung Buncit Raya No. 15,-6.271507,106.830147,106.830147,Jakarta Medical Center,['7985177-7980888'],,3171080.0,3171.0,31.0,Pancoran,Jakarta Selatan,DAERAH KHUSUS IBUKOTA JAKARTA
64,,['7996505'],69,Rumah Sakit Umum,3171080,3171080003,3171,12760,-6.254546,Jalan Duren Tiga Raya Nomor 20  RT.004 / RW.01,-6.254546,106.83213,106.83213,Siloam Asri,['7992211'],,3171080.0,3171.0,31.0,Pancoran,Jakarta Selatan,DAERAH KHUSUS IBUKOTA JAKARTA
65,customer@rs-triadipa.com,['7974074'],70,Rumah Sakit Umum,3171080,3171080004,3171,12780,-6.250846,Jl. Raya Pasar Minggu No. 3 A,-6.250846,106.841957,106.841957,Tria Dipa,['7974071-73'],,3171080.0,3171.0,31.0,Pancoran,Jakarta Selatan,DAERAH KHUSUS IBUKOTA JAKARTA
66,,['8311760'],71,Rumah Sakit Umum,3171090,3171090002,3171,12810,-6.242549,Jl. MT. Haryono No. 8,-6.242549,106.849945,106.849945,Tebet,['8307540'],,3171090.0,3171.0,31.0,Tebet,Jakarta Selatan,DAERAH KHUSUS IBUKOTA JAKARTA
67,,['5710240 ; 5710249'],72,Rumah Sakit Umum,3171100,3171100001,3171,12930,-6.218441,Jl. Jend. Sudirman Kav. 49 ,-6.218441,106.816101,106.816101,Jakarta,['5732241'],,3171100.0,3171.0,31.0,Setiabudi,Jakarta Selatan,DAERAH KHUSUS IBUKOTA JAKARTA
68,mmc@rsmmc.co.id,['5203417'],73,Rumah Sakit Umum,3171100,3171100003,3171,12940,-6.219806,Jl. HR. Rasuna Said Kav. C-21 Kuningan,-6.219806,106.832146,106.832146,Metropolitan Medical Center,['5203435'],www.rsmmc.co.id/mmc@rsmmc.co.id,3171100.0,3171.0,31.0,Setiabudi,Jakarta Selatan,DAERAH KHUSUS IBUKOTA JAKARTA
69,"customercare@medistra.com, medistra@cbn.net.id",['5210184'],74,Rumah Sakit Umum,3171100,3171100002,3171,12950,-6.239865,Jl. Jenderal Gatot Subroto Kav. 59,-6.239865,106.833328,106.833328,Medistra,['5210200'],,3171100.0,3171.0,31.0,Setiabudi,Jakarta Selatan,DAERAH KHUSUS IBUKOTA JAKARTA
70,rsagung@pdpersi.co.id,['8305791'],75,Rumah Sakit Umum,3171100,3171100006,3171,12970,-6.209167,Jl. Sultan Agung No. 67,-6.209167,106.846275,106.846275,Agung,['8295971-8294955'],,3171100.0,3171.0,31.0,Setiabudi,Jakarta Selatan,DAERAH KHUSUS IBUKOTA JAKARTA
71,rsadmira@rsadmira.com,['47883199'],77,Rumah Sakit Umum,3172090,3172090007,3172,13210,-6.182741,Jl. Kayu Putih Raya  No. 1  RT.003 / RW.016,-6.182741,106.891495,106.891495,Columbia Asia Pulomas,['47883195'],www.rsadmira.com,3172090.0,3172.0,31.0,Pulo Gadung,Jakarta Timur,DAERAH KHUSUS IBUKOTA JAKARTA
72,normariati70@yahoo.com,['4718081'],78,Rumah Sakit Umum,3172090,3172090006,3172,13210,-6.17582,Jl. Pulomas Barat VI No.20,-6.17582,106.885246,106.885246,Omni Medical Center,['4723332-4722719'],www.omni-hospitals.com,3172090.0,3172.0,31.0,Pulo Gadung,Jakarta Timur,DAERAH KHUSUS IBUKOTA JAKARTA
73,,['4723402'],79,Rumah Sakit Umum,3172090,3172090006,3172,13210,-6.17582,Jalan  Pulomas Timur K. Nomor 2,-6.17582,106.885246,106.885246,Kartika Pulomas ,['4723402 - 4703333'],,3172090.0,3172.0,31.0,Pulo Gadung,Jakarta Timur,DAERAH KHUSUS IBUKOTA JAKARTA
74,rumahsakit@antammedika.co.id,['29378960'],80,Rumah Sakit Umum,3172090,3172090003,3172,13210,-6.192658,Jl. Pemuda Raya No. 1A RT.002 / RW.07,-6.192658,106.902603,106.902603,Aneka Tambang Medika (Antam Medika),"['29378939', '29378943']",www.antammedika.co.id,3172090.0,3172.0,31.0,Pulo Gadung,Jakarta Timur,DAERAH KHUSUS IBUKOTA JAKARTA
75,rsp@pcraahabatan.ce.1d,"['4711222', '478608873']",81,Rumah Sakit Umum Pusat,3172090,3172090001,3172,13220,-6.202596,Jl. Persahabatan Raya ,-6.202596,106.885071,106.885071,Persahabatan ,['4891708-4890696'],www.persahabatan.co.id,3172090.0,3172.0,31.0,Pulo Gadung,Jakarta Timur,DAERAH KHUSUS IBUKOTA JAKARTA
76,dharmanugraha@yahoo.com,['4707428'],82,Rumah Sakit Umum,3172090,3172090005,3172,13220,-6.195859,Jl. Balai Pustaka Baru No. 19,-6.195859,106.886421,106.886421,Dharma Nugraha,['4707433-4707437'],,3172090.0,3172.0,31.0,Pulo Gadung,Jakarta Timur,DAERAH KHUSUS IBUKOTA JAKARTA
77,"lumentagrace@yahoo.com, rsmediros@cbn.net.id","['4891937', '4891937']",83,Rumah Sakit Umum,3172090,3172090007,3172,13260,-6.179724,Jl. Perintis Kemerdekaan Kav. 149,-6.179724,106.903748,106.903748,Mediros,['4721336 - 37'],www.rs-mediros.com,3172090.0,3172.0,31.0,Pulo Gadung,Jakarta Timur,DAERAH KHUSUS IBUKOTA JAKARTA
78,rspremier.jatinegara@ramsayhealth.co.id,['2800755'],84,Rumah Sakit Umum,3172060,3172060007,3172,13310,-6.221951,Jl. Raya Jatinegara Timur No. 85 - 87,-6.221951,106.868935,106.868935,Premier Jatinegara,"['2800666', '2800777', '2800888']",www.ramsayhealth.co.id,3172060.0,3172.0,31.0,Jatinegara,Jakarta Timur,DAERAH KHUSUS IBUKOTA JAKARTA
79,rspengayoman.dki@gmail.com,['85909644'],85,Rumah Sakit Umum,3172060,3172060007,3172,13410,-6.221951,Jl. Raya Bekasi Timur 170 B,-6.221951,106.868935,106.868935,Pengayoman Cipinang,"['085210432196', '85914558']",,3172060.0,3172.0,31.0,Jatinegara,Jakarta Timur,DAERAH KHUSUS IBUKOTA JAKARTA
80,rsyadika@yahoo.co.id,['8631708'],86,Rumah Sakit Umum,3172070,3172070001,3172,13430,-6.237237,Jl. Pahlawan Revolusi No. 47,-6.237237,106.898796,106.898796,Yadika Pondok Bambu,['8615754-8610756'],,3172070.0,3172.0,31.0,Duren Sawit,Jakarta Timur,DAERAH KHUSUS IBUKOTA JAKARTA
81,"aliyus_k@yahoo.com, ariefb12@gmail.com",['8611101'],87,Rumah Sakit Umum,3172070,3172070004,3172,13460,-6.220089,Jl. Raya Pondok Kopi,-6.220089,106.939682,106.939682,Islam Jakarta Pondok Kopi,"['8610471 ', '8630654']",www.rsijpondokkopi.co.id,3172070.0,3172.0,31.0,Duren Sawit,Jakarta Timur,DAERAH KHUSUS IBUKOTA JAKARTA
82,rs.dik.pusdikkes@gmail.com,"['8092706', '80887304']",88,Rumah Sakit Umum,3172050,3172050005,3172,13510,-6.275258,Jl. Raya Bogor,-6.275258,106.869537,106.869537,Dik Pusdikkes Kodiklat TNI AD,"['8092358', '8003491']",www.pusdikkes.com,3172050.0,3172.0,31.0,Kramat Jati,Jakarta Timur,DAERAH KHUSUS IBUKOTA JAKARTA
83,rs_polri@pdpersi.co.id,['8094005'],89,Rumah Sakit Umum,3172050,3172050005,3172,13510,-6.269806,Jl. RS Polri,-6.269806,106.870674,106.870674,Bhayangkara Tk.I  R. Said Sukanto,['8093288'],,3172050.0,3172.0,31.0,Kramat Jati,Jakarta Timur,DAERAH KHUSUS IBUKOTA JAKARTA
84,jakartaislamichospital@yahoo.com,['87710318 '],90,Rumah Sakit Umum,3172050,3172050003,3172,13540,-6.297779,Jalan  Pedati Nomor 3  RT.005 / RW.07,-6.297779,106.870377,106.870377,Al-Fauzan,['8402821'],www.jih.co.id,3172050.0,3172.0,31.0,Kramat Jati,Jakarta Timur,DAERAH KHUSUS IBUKOTA JAKARTA
85,"keliek_marwanto@yahoo.co.id, rshaji@pdpersi.co.id","['80876209', '8000702']",91,Rumah Sakit Umum,3172040,3172040001,3172,13560,-6.290169,Jl. Raya Pondok Gede No. 4,-6.290169,106.888847,106.888847,Haji Jakarta,['8000693-695'],,3172040.0,3172.0,31.0,Makasar,Jakarta Timur,DAERAH KHUSUS IBUKOTA JAKARTA
86,ruspau@pdpersi.co.id,['8098665'],92,Rumah Sakit Umum,3172040,3172040004,3172,13610,-6.257015,"Jl. Merpati No. 2,  Komplek Rajawali",-6.257015,106.891922,106.891922,Pusat Angkatan Udara Dr. Esnawan Antariksa,['8091716-8093943'],,3172040.0,3172.0,31.0,Makasar,Jakarta Timur,DAERAH KHUSUS IBUKOTA JAKARTA
87,"erwintyrana@sismamedika.com, rsharum@pdpersi.co.id",['8601030'],93,Rumah Sakit Umum,3172040,3172040005,3172,13620,-6.24808,Jl. Inspeksi Tarum Barat - Kalimalang,-6.24808,106.90963,106.90963,Harum Sisma Medika,['8617212-13'],,3172040.0,3172.0,31.0,Makasar,Jakarta Timur,DAERAH KHUSUS IBUKOTA JAKARTA
88,budhiasih@ymail.com,['8009157-8007348'],94,Rumah Sakit Umum Daerah,3172050,3172050007,3172,13630,-6.256015,Jl. Dewi Sartika  Cawang III  No. 200,-6.256015,106.862869,106.862869,Budhi Asih ,"['8090282', '8092482']",www.rsudbudhiasih.com,3172050.0,3172.0,31.0,Kramat Jati,Jakarta Timur,DAERAH KHUSUS IBUKOTA JAKARTA
89,rsuuki@yahoo.co.id,['8092445'],95,Rumah Sakit Umum,3172050,3172050007,3172,13630,-6.25092,Jl. Mayjen Sutoyo No. 2,-6.25092,106.872002,106.872002,Universitas Kristen Indonesia,"['8092317', '8092831', '8010523']",,3172050.0,3172.0,31.0,Kramat Jati,Jakarta Timur,DAERAH KHUSUS IBUKOTA JAKARTA
90,rsolahragacibubur@gmail.com,['021-87753977'],96,Rumah Sakit Umum,3172020,3172020001,3172,13720,-6.368448,Jalan  Jambore  Nomor 1,-6.368448,106.892929,106.892929,Olahraga Nasional,['87753977'],,3172020.0,3172.0,31.0,Ciracas,Jakarta Timur,DAERAH KHUSUS IBUKOTA JAKARTA
91,kesdamjaya_cijantung@yahoo.com,['8407886'],97,Rumah Sakit Umum,3172010,3172010005,3172,13760,-6.309916,"Jl. Mahoni,  Cijantung II ",-6.309916,106.859673,106.859673,Tingkat IV Cijantung Kesdam Jaya,['8400535'],,3172010.0,3172.0,31.0,Pasar Rebo,Jakarta Timur,DAERAH KHUSUS IBUKOTA JAKARTA
92,rsudpasarrebo@yahoo.com,['8411159'],98,Rumah Sakit Umum Daerah,3172010,3172010005,3172,13760,-6.304108,Jl. Letjen T. B. Simatupang No. 30,-6.304108,106.861931,106.861931,Pasar Rebo,['8401127/ 8400109'],www.rsudpasarrebo.com,3172010.0,3172.0,31.0,Pasar Rebo,Jakarta Timur,DAERAH KHUSUS IBUKOTA JAKARTA
93,,[''],99,Rumah Sakit Umum,3172010,3172010005,3172,13820,-6.304108,Jl. Hankam Raya No.60,-6.304108,106.861931,106.861931,Adhyaksa,['021-29462345'],,3172010.0,3172.0,31.0,Pasar Rebo,Jakarta Timur,DAERAH KHUSUS IBUKOTA JAKARTA
94,"hrd@rsharapanbunda.com, harapanbunda@pdpersi.co.id",['87781247'],100,Rumah Sakit Umum,3172050,3172050004,3172,13830,-6.29439,Jl. Raya Bogor KM. 22 No. 44,-6.29439,106.880798,106.880798,Harapan Bunda,['8400257'],,3172050.0,3172.0,31.0,Kramat Jati,Jakarta Timur,DAERAH KHUSUS IBUKOTA JAKARTA
95,,['4608863'],101,Rumah Sakit Umum,3172080,3172080001,3172,13930,-6.195012,Jalan  Bekasi Timur Raya  Nomor 6  KM.18,-6.195012,106.906258,106.906258,Harapan Jayakarta ,"['4608886', '4603916', '46821726']",,3172080.0,3172.0,31.0,Cakung,Jakarta Timur,DAERAH KHUSUS IBUKOTA JAKARTA
96,rsukepulauanseribu@yahoo.co.id,"['33312388', '37175900']",102,Rumah Sakit Umum Daerah,3101020,3101020001,3101,14510,-5.744879,Pulau Pramuka,-5.744879,106.613396,106.613396,Kepulauan Seribu,"['021-33230332', '33312388', '36571981']",,,,,,,
97,,"['4219548', '42801341']",103,Rumah Sakit Umum Kecamatan,3173050,3173050002,3173,10510,-6.184666,Jalan  Rawasari Selatan  Nomor 1,-6.184666,106.869911,106.869911,Cempaka Putih,"['4219548', '42801341']",,3173050.0,3173.0,31.0,Cempaka Putih,Jakarta Pusat,DAERAH KHUSUS IBUKOTA JAKARTA
98,,['6012240'],104,Rumah Sakit Umum Kecamatan,3173070,3173070004,3173,10740,-6.149973,Jalan  Dwiwarna Raya  Nomor 6-8,-6.149973,106.829605,106.829605,Sawah Besar,"['6289080', '4224041']",,3173070.0,3173.0,31.0,Sawah Besar,Jakarta Pusat,DAERAH KHUSUS IBUKOTA JAKARTA
99,,['4224041'],105,Rumah Sakit Umum Kecamatan,3173040,3173040003,3173,10540,-6.181071,Jalan  Tanah Tinggi XII,-6.181071,106.849373,106.849373,Johar Baru,[' 4246359'],,3173040.0,3173.0,31.0,Johar Baru,Jakarta Pusat,DAERAH KHUSUS IBUKOTA JAKARTA
100,rsukemayoran@gmail.com,['4801846'],106,Rumah Sakit Umum Kecamatan,3173060,3173060004,3173,10650,-6.1608,Jalan  Serdang Baru I,-6.1608,106.862289,106.862289,Kemayoran,['4801847'],,3173060.0,3173.0,31.0,Kemayoran,Jakarta Pusat,DAERAH KHUSUS IBUKOTA JAKARTA
101,,[''],107,Rumah Sakit Umum Kecamatan,3175040,3175040003,3175,14260,-6.127233,Jalan  Walang Permai  Nomor 39,-6.127233,106.906982,106.906982,Koja,"['43905651', '4358809']",,3175040.0,3175.0,31.0,Koja,Jakarta Utara,DAERAH KHUSUS IBUKOTA JAKARTA
102,,"['4412889', '4416367']",108,Rumah Sakit Umum Kecamatan,3175060,3175060005,3175,14130,-6.118146,Jalan  Madya Kebantenan  Nomor 4,-6.118146,106.927902,106.927902,Cilincing,"['4412889', '4416367']",,3175060.0,3175.0,31.0,Cilincing,Jakarta Utara,DAERAH KHUSUS IBUKOTA JAKARTA
103,,[''],109,Rumah Sakit Umum Kecamatan,3175020,3175020001,3175,14420,-6.133254,Jalan  Budi Mulia Raya  Nomor 2  RT.0015 / RW.011,-6.133254,106.839401,106.839401,Pademangan,['021-6452346'],,3175020.0,3175.0,31.0,Pademangan,Jakarta Utara,DAERAH KHUSUS IBUKOTA JAKARTA
104,,[''],110,Rumah Sakit Umum Kecamatan,3174010,3174010006,3174,11620,-6.181012,Jalan  Topaz Blok F2  Nomor 3,-6.181012,106.733223,106.733223,Kembangan,['5870834'],,3174010.0,3174.0,31.0,Kembangan,Jakarta Barat,DAERAH KHUSUS IBUKOTA JAKARTA
105,rsukalideres@gmail.com,['54390576'],111,Rumah Sakit Umum Kecamatan,3174080,3174080003,3174,11830,-6.128841,Jalan  Satu Maret  Nomor 48  RT.001 / RW.04,-6.128841,106.704369,106.704369,Kalideres,['54390576'],,3174080.0,3174.0,31.0,Kalideres,Jakarta Barat,DAERAH KHUSUS IBUKOTA JAKARTA
106,,[''],112,Rumah Sakit Umum Kecamatan,3171010,3171010004,3171,12620,-6.311328,Jalan  Mohamad Kahfi 1  Nomor 27 A,-6.311328,106.813515,106.813515,Jagakarsa,['7864707'],,3171010.0,3171.0,31.0,Jagakarsa,Jakarta Selatan,DAERAH KHUSUS IBUKOTA JAKARTA
107,,['8296918'],113,Rumah Sakit Umum Kecamatan,3171090,3171090002,3171,12810,-6.231592,"Jalan  Prof. Supomo, SH  Nomor 54",-6.231592,106.846008,106.846008,Tebet,['8314955'],,3171090.0,3171.0,31.0,Tebet,Jakarta Selatan,DAERAH KHUSUS IBUKOTA JAKARTA
108,,[''],114,Rumah Sakit Umum Kecamatan,3171070,3171070004,3171,12790,-6.240428,Jalan  Kapten Tendean  Nomor 9,-6.240428,106.826988,106.826988,Mampang Prapatan,['79192187'],,3171070.0,3171.0,31.0,Mampang Prapatan,Jakarta Selatan,DAERAH KHUSUS IBUKOTA JAKARTA
109,,[''],115,Rumah Sakit Umum Kecamatan,3171040,3171040002,3171,12320,-6.258924,Jalan  Cenek I  Nomor 1,-6.258924,106.75766,106.75766,Pesanggrahan,['7356087'],,3171040.0,3171.0,31.0,Pesanggrahan,Jakarta Selatan,DAERAH KHUSUS IBUKOTA JAKARTA
110,,[' 87793604'],116,Rumah Sakit Umum Kecamatan,3172050,3172050003,3172,13540,-6.28674,Jalan  Raya Inpres  Nomor 48,-6.28674,106.862251,106.862251,Kramat Jati,"['87791152', '87793604']",,3172050.0,3172.0,31.0,Kramat Jati,Jakarta Timur,DAERAH KHUSUS IBUKOTA JAKARTA
111,,[''],117,Rumah Sakit Umum Kecamatan,3172040,3172040004,3172,13720,-6.25801,Jalan  Raya Lapangan Tembak,-6.25801,106.905167,106.905167,Ciracas,['8718995'],,3172040.0,3172.0,31.0,Makasar,Jakarta Timur,DAERAH KHUSUS IBUKOTA JAKARTA
112,rsbbudi@indo.net.id,['3501012'],1,Rumah Sakit Khusus Ibu dan Anak,3173080,3173080003,3173,10110,-6.180302,Jl. Budi Kemuliaan No. 25 ,-6.180302,106.81826,106.81826,Budi Kemuliaan ,['3842828'],www.rsbbudikemiaan.com,3173080.0,3173.0,31.0,Gambir,Jakarta Pusat,DAERAH KHUSUS IBUKOTA JAKARTA
113,rsprofnizar@yahoo.co.id,['34834982'],2,Rumah Sakit Khusus Telinga Hidung Tenggorokan,3173080,3173080002,3173,10160,-6.171435,Jl. Kesehatan No. 9,-6.171435,106.81459,106.81459,Profesor Nizar ,"['3843596', '3503435']",,3173080.0,3173.0,31.0,Gambir,Jakarta Pusat,DAERAH KHUSUS IBUKOTA JAKARTA
114,,['5732701'],3,Rumah Sakit Khusus Gigi & Mulut,3173010,3173010002,3173,10210,-6.211591,Jl. Farmasi No. 1,-6.211591,106.808441,106.808441,TNI-AL R.E. Martadinata,['5733026'],,3173010.0,3173.0,31.0,Tanah Abang,Jakarta Pusat,DAERAH KHUSUS IBUKOTA JAKARTA
115,"binaes@rad.net.id, rsbe-binaestetika@ yahoo.com",['3155258'],4,Rumah Sakit Khusus Bedah,3173020,3173020001,3173,10310,-6.197392,Jl. Teuku Cik Ditiro No. 41,-6.197392,106.836792,106.836792,Bina Estetika,['3909393'],,3173020.0,3173.0,31.0,Menteng,Jakarta Pusat,DAERAH KHUSUS IBUKOTA JAKARTA
116,"cheyra@jakarta_eye_center.com, jec@jakarta-eye-center.com",['3904601'],5,Rumah Sakit Khusus Mata,3173020,3173020001,3173,10310,-6.198522,Jl. Teuku Cik Ditiro No. 46  M,-6.198522,106.836884,106.836884,Jakarta Eye Center,"['335600', '3107434']",www.jakarta-eye-center.com,3173020.0,3173.0,31.0,Menteng,Jakarta Pusat,DAERAH KHUSUS IBUKOTA JAKARTA
117,admin@rs-proklamasi.co.id,['3900947'],6,Rumah Sakit Khusus Telinga Hidung Tenggorokan,3173020,3173020002,3173,10320,-6.201966,Jalan  Proklamasi  Nomor 43 ,-6.201966,106.84716,106.84716,Proklamasi,['3900002'],www.rs-proklamasi.co.id,3173020.0,3173.0,31.0,Menteng,Jakarta Pusat,DAERAH KHUSUS IBUKOTA JAKARTA
118,we_care@rsiatambak,['3902550'],7,Rumah Sakit Khusus Ibu dan Anak,3173020,3173020002,3173,10320,-6.206272,Jl. Tambak No. 18,-6.206272,106.848473,106.848473,Tambak,['2303444'],www.rsiatambak.com,3173020.0,3173.0,31.0,Menteng,Jakarta Pusat,DAERAH KHUSUS IBUKOTA JAKARTA
119,marketing@rsiaypkmandiri.com,['3909806'],8,Rumah Sakit Khusus Ibu dan Anak,3173020,3173020004,3173,10350,-6.191115,Jl. Gereja Theresia No. 22,-6.191115,106.827904,106.827904,YPK Mandiri,['3909725'],www.rsiaypkmandiri.com,3173020.0,3173.0,31.0,Menteng,Jakarta Pusat,DAERAH KHUSUS IBUKOTA JAKARTA
120,"bundahospital@bunda.co.id, rsbunda@mweb.co.id",['3101077'],9,Rumah Sakit Khusus Ibu dan Anak,3173020,3173020004,3173,10350,-6.196026,Jl. Teuku Cik Ditiro No. 28,-6.196026,106.836517,106.836517,Bunda Jakarta,['3909692'],www.bunda.co.id,3173020.0,3173.0,31.0,Menteng,Jakarta Pusat,DAERAH KHUSUS IBUKOTA JAKARTA
121,rsgm_fkgui@yahoo.com,[''],10,Rumah Sakit Khusus Gigi & Mulut,3173030,3173030001,3173,10430,-6.194264,Jl. Salemba Raya No.4,-6.194264,106.848038,106.848038,FKG Universitas Indonesia,['0213916858'],,3173030.0,3173.0,31.0,Senen,Jakarta Pusat,DAERAH KHUSUS IBUKOTA JAKARTA
122,info@ssmedika.co.id,['3926687'],11,Rumah Sakit Khusus Bedah,3173030,3173030001,3173,10430,-6.198886,Jl. Salemba I  No. 11 - 13,-6.198886,106.850616,106.850616,Salemba Satu Medika,['3913336'],www.ssmedika.co.id,3173030.0,3173.0,31.0,Senen,Jakarta Pusat,DAERAH KHUSUS IBUKOTA JAKARTA
123,,['42800964'],12,Rumah Sakit Khusus Ibu dan Anak,3173060,3173060003,3173,10640,-6.163449,Jl. Sumur Batu Raya Blok A3 No. 13,-6.163449,106.865448,106.865448,Berkat Ibu  (tidak melakukan keg.opr. sejak 25-7-2014),"['4209007', '4252671']",,3173060.0,3173.0,31.0,Kemayoran,Jakarta Pusat,DAERAH KHUSUS IBUKOTA JAKARTA
124,aninurdiyana3@gmail.com,['4400063'],13,Rumah Sakit Khusus Paru,3175060,3175060001,3175,14140,-6.155844,Jl. Siak  J 5  No. 14  -  Komplek Bea Cukai,-6.155844,106.923187,106.923187,Firdaus,['4407322'],,3175060.0,3175.0,31.0,Cilincing,Jakarta Utara,DAERAH KHUSUS IBUKOTA JAKARTA
125,rsbst.yusuf@gmail.com,['4361330'],14,Rumah Sakit Khusus Ibu dan Anak,3175030,3175030005,3175,14330,-6.117114,Jl. Ganggeng Raya No.9,-6.117114,106.881912,106.881912,Santo Yusuf,['43931880'],,3175030.0,3175.0,31.0,Tanjung Priok,Jakarta Utara,DAERAH KHUSUS IBUKOTA JAKARTA
126,infi@rspi-suliantisaroso.co.id,['6401411'],15,Rumah Sakit Khusus Penyakit Infeksi,3175030,3175030003,3175,14340,-6.130169,Jl. Sunter Permai Raya,-6.130169,106.861916,106.861916,Prof.Sulianti Saroso,['6506559-67'],www.rspi-suliantisaroso.com,3175030.0,3175.0,31.0,Tanjung Priok,Jakarta Utara,DAERAH KHUSUS IBUKOTA JAKARTA
127,sekretariat@rsiafamily.com,['6615563'],16,Rumah Sakit Khusus Ibu dan Anak,3175010,3175010003,3175,14450,-6.133434,Pluit Mas I Blok A No. 2A - 5A,-6.133434,106.790291,106.790291,Family,['6695639'],www.rsiafamily.com,3175010.0,3175.0,31.0,Penjaringan,Jakarta Utara,DAERAH KHUSUS IBUKOTA JAKARTA
128,sekretaris@rsiagrandfamily.com,[''],17,Rumah Sakit Khusus Ibu dan Anak,3175010,3175010001,3175,14470,-6.123199,Jl. Pantai Indah Selatan I Komp. Elang Laut Boulevard Kav.I No.1,-6.123199,106.738953,106.738953,Grand Family,['29673755 - 56'],,3175010.0,3175.0,31.0,Penjaringan,Jakarta Utara,DAERAH KHUSUS IBUKOTA JAKARTA
129,rsia_aries@yahoo.com,"['6497506', '6591410']",18,Rumah Sakit Khusus Ibu dan Anak,3174050,3174050003,3174,11210,-6.157625,Jalan  Tanah Sereal VII  Nomor 9,-6.157625,106.809784,106.809784,Aries,"['6496524', '6497506', '6396393']",,3174050.0,3174.0,31.0,Tambora,Jakarta Barat,DAERAH KHUSUS IBUKOTA JAKARTA
130,"elfira_zaenal@yahoo.com, dharmais@dharmais.co.id ","['5681579', '5681579']",19,Rumah Sakit Khusus Kanker,3174030,3174030005,3174,11420,-6.187047,Jl. Letjen S. Parman Kav. 84-86,-6.187047,106.797493,106.797493,Dharmais,['5681570'],www.dharmais.co.id,3174030.0,3174.0,31.0,Palmerah,Jakarta Barat,DAERAH KHUSUS IBUKOTA JAKARTA
131,"didi.danukusumo@gmail.com, rsabhk@cbn.net.id","['5601816', '5601560']",20,Rumah Sakit Anak dan Bunda,3174030,3174030004,3174,11420,-6.184582,"Jl. Letjen S. Parman Kav. 87, Slipi",-6.184582,106.797806,106.797806,Harapan Kita,['5668284'],www.rsabhk.co.id,3174030.0,3174.0,31.0,Palmerah,Jakarta Barat,DAERAH KHUSUS IBUKOTA JAKARTA
132,info@pjnhk.go.id,"['5684130', '5684230']",21,Rumah Sakit Khusus Jantung dan Pembuluh Darah,3174030,3174030004,3174,11420,-6.184582,Jl. Letjen S. Parman Kav. 87,-6.184582,106.797806,106.797806,Harapan Kita ,"['5684085', '5684993']",www.pjnhk.go.id,3174030.0,3174.0,31.0,Palmerah,Jakarta Barat,DAERAH KHUSUS IBUKOTA JAKARTA
133,,[''],22,Rumah Sakit Khusus Gigi & Mulut,3174040,3174040003,3174,11440,-6.167134,Jl. Kyai Tapa No. ,-6.167134,106.796776,106.796776,FKG Universitas Trisakti,[''],,3174040.0,3174.0,31.0,Grogol Petamburan,Jakarta Barat,DAERAH KHUSUS IBUKOTA JAKARTA
134,rsia.ibnusina@gmail.com,['5670118'],23,Rumah Sakit Khusus Ibu dan Anak,3174040,3174040004,3174,11450,-6.160499,Jl. Nurdin I  No. III  RT.008 / RW.07,-6.160499,106.796013,106.796013,Ibnu Sina,['5670139 '],www.rsiaibnusina.blogspot.com,3174040.0,3174.0,31.0,Grogol Petamburan,Jakarta Barat,DAERAH KHUSUS IBUKOTA JAKARTA
135,keliek_marwanto@yahoo.co.id,"['5682842', '5633316']",24,Rumah Sakit Khusus Jiwa,3174040,3174040005,3174,11460,-6.163072,Jl. Prof. Dr. Latumeten No. 1,-6.163072,106.788712,106.788712,Dr.Soeharto Heerdjan,['5682841- 42 - 43'],www.rsjsh.com,3174040.0,3174.0,31.0,Grogol Petamburan,Jakarta Barat,DAERAH KHUSUS IBUKOTA JAKARTA
136,rsiabsm@yahoo.co.id,['5603531'],25,Rumah Sakit Khusus Ibu dan Anak,3174020,3174020005,3174,11510,-6.185669,Jl. Duri Raya No. 22,-6.185669,106.771454,106.771454,Bina Sehat Mandiri ,"['5658870', '5669411 - 12']",,3174020.0,3174.0,31.0,Kebon Jeruk,Jakarta Barat,DAERAH KHUSUS IBUKOTA JAKARTA
137,cdc.kedoya@jakarta_eye_center.com,[''],26,Rumah Sakit Khusus Mata,3174020,3174020006,3174,11530,-6.189843,Jl. Terusan Arjuna Utara I No.1,-6.189843,106.761078,106.761078,Jakarta Eye Center Kedoya,[''],,3174020.0,3174.0,31.0,Kebon Jeruk,Jakarta Barat,DAERAH KHUSUS IBUKOTA JAKARTA
138,info@rsbanggrekmas.com,['53672019'],27,Rumah Sakit Khusus Ibu dan Anak,3174020,3174020003,3174,11550,-6.203074,Jalan  Anggrek  Nomor 2 B  RT.009 / RW.02,-6.203074,106.772659,106.772659,Anggrek Mas,"['5305720', '53672017', '53672018']",www.rsbanggrekmas.com,3174020.0,3174.0,31.0,Kebon Jeruk,Jakarta Barat,DAERAH KHUSUS IBUKOTA JAKARTA
139,rskb_tzuchi@yahoo.com ; tonikris57@yahoo.co.id,"['55951985', '55963681']",28,Rumah Sakit Khusus Bedah,3174070,3174070005,3174,11730,-6.132041,Jalan  Kamal Raya  Outer Ring Road,-6.132041,106.736778,106.736778,Cinta Kasih Tzu Chi,['55956850'],,3174070.0,3174.0,31.0,Cengkareng,Jakarta Barat,DAERAH KHUSUS IBUKOTA JAKARTA
140,dwita.rakhmasari@brawijayahohpital.com,['7211364'],29,Rumah Sakit Khusus Ibu dan Anak,3171060,3171060002,3171,12140,-6.257521,Jl. Taman Brawijaya No. 1,-6.257521,106.807243,106.807243,Brawijaya,['7211337'],,3171060.0,3171.0,31.0,Kebayoran Baru,Jakarta Selatan,DAERAH KHUSUS IBUKOTA JAKARTA
141,,['7254054'],30,Rumah Sakit Khusus Ibu dan Anak,3171060,3171060005,3171,12160,-6.248023,Jalan  Panglima Polim I  Nomor 34,-6.248023,106.800819,106.800819,Asih,['2700610'],www.rsbasih.co.id,3171060.0,3171.0,31.0,Kebayoran Baru,Jakarta Selatan,DAERAH KHUSUS IBUKOTA JAKARTA
142,sanatorium@dharmawangsa.org,['7394162'],31,Rumah Sakit Khusus Jiwa,3171060,3171060003,3171,12160,-6.255157,Jl. Dharmawangsa Raya No. 13  Blok P II,-6.255157,106.80265,106.80265,Dharmawangsa ,['7394484'],www.dharmawangsa.org,3171060.0,3171.0,31.0,Kebayoran Baru,Jakarta Selatan,DAERAH KHUSUS IBUKOTA JAKARTA
143,,"['7264038', '7398837']",32,Rumah Sakit Khusus Telinga Hidung Tenggorokan,3171060,3171060009,3171,12180,-6.235796,Jalan  Ciranjang  Nomor 20-22,-6.235796,106.810661,106.810661,Ciranjang,"['7243366', '7208192']",,3171060.0,3171.0,31.0,Kebayoran Baru,Jakarta Selatan,DAERAH KHUSUS IBUKOTA JAKARTA
144,,"['7221171', '7223939']",33,Rumah Sakit Bersalin,3171060,3171060009,3171,12180,-6.236399,Jl. Senayan No. 26,-6.236399,106.815704,106.815704,Panti Nugraha,"['7221171', '7223939']",,3171060.0,3171.0,31.0,Kebayoran Baru,Jakarta Selatan,DAERAH KHUSUS IBUKOTA JAKARTA
145,hendra_juniarta@yahoo.com,['7230703'],34,Rumah Sakit Bersalin,3171050,3171050004,3171,12230,-6.238179,Jl. Ciledug Raya No. 94 - 96,-6.238179,106.769707,106.769707,Kartini,['7245646'],,3171050.0,3171.0,31.0,Kebayoran Lama,Jakarta Selatan,DAERAH KHUSUS IBUKOTA JAKARTA
146,,['5871802'],35,Rumah Sakit Khusus Ibu dan Anak,3171040,3171040003,3171,12250,-6.23236,Jalan  H. Rohimin  Nomor 30,-6.23236,106.762512,106.762512,Avisena,['5853916'],,3171040.0,3171.0,31.0,Pesanggrahan,Jakarta Selatan,DAERAH KHUSUS IBUKOTA JAKARTA
147,petukanganmedicalcentre@gmail.com,['73889956'],36,Rumah Sakit Khusus Ibu dan Anak,3171040,3171040004,3171,12270,-6.236749,Jalan  Ciledug Raya  Nomor 8 A,-6.236749,106.751602,106.751602,Petukangan,"['7340906', '7353969']",,3171040.0,3171.0,31.0,Pesanggrahan,Jakarta Selatan,DAERAH KHUSUS IBUKOTA JAKARTA
148,,"['73885251', '73885253']",37,Rumah Sakit Khusus Gigi & Mulut,3171040,3171040001,3171,12330,-6.259408,Jalan  Bintaro Permai Raya  Nomor 3,-6.259408,106.764946,106.764946,FKG Universitas Prof. DR. Moestopo (B),"['73885251', '73885254']",,3171040.0,3171.0,31.0,Pesanggrahan,Jakarta Selatan,DAERAH KHUSUS IBUKOTA JAKARTA
149,hri.isw@gmail.com,['78843548'],38,Rumah Sakit Khusus Ibu dan Anak,3171020,3171020001,3171,12550,-6.286158,Jl. Ampera Raya No. 34,-6.286158,106.818993,106.818993,Kemang,"['27545454', '27545400']",www.kemangmedicalcare.com,3171020.0,3171.0,31.0,Pasar Minggu,Jakarta Selatan,DAERAH KHUSUS IBUKOTA JAKARTA
150,rsia_aulia@yahoo.co.id / marketing.rsiaaulia.com,"['7867847', '7866057']",39,Rumah Sakit Khusus Ibu dan Anak,3171010,3171010004,3171,12620,-6.334566,Jl. Jeruk Raya No. 15 RT. 0011 / RW. 01,-6.334566,106.827225,106.827225,Aulia,"['7270208', '7867847', '08161133646']",www.rsiaaulia.com,3171010.0,3171.0,31.0,Jagakarsa,Jakarta Selatan,DAERAH KHUSUS IBUKOTA JAKARTA
151,rsia_andhika@yahoo.com,['7874612'],40,Rumah Sakit Khusus Ibu dan Anak,3171010,3171010003,3171,12630,-6.34433,Jl. Warung Sila No.8 RT.006 / RW.04 Gudang Baru,-6.34433,106.814217,106.814217,Andhika,"['7863408', '78887087']",www.rsia-andhika.blogspot.com,3171010.0,3171.0,31.0,Jagakarsa,Jakarta Selatan,DAERAH KHUSUS IBUKOTA JAKARTA
152,,['7864329'],41,Rumah Sakit Khusus Ibu dan Anak,3171010,3171010002,3171,12640,-6.355423,"Jalan Bina Warga (MAN 7) RT.009/RW.07, Kalibata",-6.355423,106.820145,106.820145,Sofa Marwa,['7870160'],,3171010.0,3171.0,31.0,Jagakarsa,Jakarta Selatan,DAERAH KHUSUS IBUKOTA JAKARTA
153,info@rsbdt.com,['7901050'],42,Rumah Sakit Khusus Ibu dan Anak,3171080,3171080004,3171,12760,-6.253251,Jalan  Duren Tiga Raya  Nomor 5,-6.253251,106.841087,106.841087,Duren Tiga,"['7993817', '7941843']",,3171080.0,3171.0,31.0,Pancoran,Jakarta Selatan,DAERAH KHUSUS IBUKOTA JAKARTA
154,info@rsmataaini.co.id,['5224288'],43,Rumah Sakit Khusus Mata,3171100,3171100004,3171,12920,-6.214297,"Jl. H.R. Rasuna Said, Kuningan",-6.214297,106.828339,106.828339,AINI Prof.DR.Isak Salim,['5256228'],www.rsmataaini.co.id,3171100.0,3171.0,31.0,Setiabudi,Jakarta Selatan,DAERAH KHUSUS IBUKOTA JAKARTA
155,melissa.luwia@siloamhospitals.com,"['57992155', '29962778']",44,Rumah Sakit Khusus Kanker,3171100,3171100001,3171,12930,-6.219012,Jl. Garnisun Kav. 2 - 3,-6.219012,106.816849,106.816849,MRCCC Siloam Hospital Semanggi,"['57991779', '29962888']",www.siloamhospitals.com,3171100.0,3171.0,31.0,Setiabudi,Jakarta Selatan,DAERAH KHUSUS IBUKOTA JAKARTA
156,,['8301901'],45,Rumah Sakit Khusus Ibu dan Anak,3171100,3171100005,3171,12960,-6.218865,Jl. Dr. Saharjo No. 120,-6.218865,106.844963,106.844963,Budhi Jaya,"['8311722', '8312378']",,3171100.0,3171.0,31.0,Setiabudi,Jakarta Selatan,DAERAH KHUSUS IBUKOTA JAKARTA
157,rsjantungjakarta@gmail.com,['29360697'],46,Rumah Sakit Khusus Jantung,3172100,3172100002,3172,13140,-6.200225,Jl. Matraman Raya No.23,-6.200225,106.855194,106.855194,Jantung Jakarta,['29360698'],www.rsjantungjakarta.com,3172100.0,3172.0,31.0,Matraman,Jakarta Timur,DAERAH KHUSUS IBUKOTA JAKARTA
158,hrd.rsrawamangun@gmail.com,['4710918'],47,Rumah Sakit Khusus Bedah,3172090,3172090005,3172,13220,-6.196397,Jl. Balai Pustaka Raya No. 29-31,-6.196397,106.885735,106.885735,Rawamangun,['4893531'],,3172090.0,3172.0,31.0,Pulo Gadung,Jakarta Timur,DAERAH KHUSUS IBUKOTA JAKARTA
159,,['4705266'],48,Rumah Sakit Khusus Ibu dan Anak,3172090,3172090004,3172,13220,-6.193845,Jalan  Pemuda Nomor 80  RT.001 / RW.08,-6.193845,106.891594,106.891594,Alvernia Agusta,"['4705266', '4720893']",,3172090.0,3172.0,31.0,Pulo Gadung,Jakarta Timur,DAERAH KHUSUS IBUKOTA JAKARTA
160,dri_jtnherminagroup.com,"['8560601', '8190111', '8196157']",49,Rumah Sakit Khusus Ibu dan Anak,3172060,3172060008,3172,13320,-6.220851,Jl. Jatinegara Barat No. 126 ,-6.220851,106.864647,106.864647,Hermina Jatinegara,"['8191223', '8504371']",www.herminahospitalgroup.com,3172060.0,3172.0,31.0,Jatinegara,Jakarta Timur,DAERAH KHUSUS IBUKOTA JAKARTA
161,"yanuarjak@yahoo.co.id, marketing@bundaaliyah.com","['86600712', '86600940']",50,Rumah Sakit Khusus Ibu dan Anak,3172070,3172070001,3172,13430,-6.233167,Jl. Pahlawan Revolusi No. 100,-6.233167,106.897072,106.897072,Bunda Aliyah,['86602525'],www.bundaaliyah.com,3172070.0,3172.0,31.0,Duren Sawit,Jakarta Timur,DAERAH KHUSUS IBUKOTA JAKARTA
162,contact.sambasra@gmail.com,['86613147'],51,Rumah Sakit Khusus Ibu dan Anak,3172070,3172070001,3172,13430,-6.229296,Jalan  Basuki Rachmat  Nomor 31,-6.229296,106.897278,106.897278,SamMarie Basra,"['86613145', '86613146']",www.sammariebasra.com,3172070.0,3172.0,31.0,Duren Sawit,Jakarta Timur,DAERAH KHUSUS IBUKOTA JAKARTA
163,bludrsdurensawit@gmail.com,['8628659'],52,Rumah Sakit Khusus Jiwa,3172070,3172070001,3172,13440,-6.231572,Jl. Duren Sawit Baru No. 2,-6.231572,106.909447,106.909447,Duren Sawit,"['8628686', '8617601']",www.rsdurensawit.go.id,3172070.0,3172.0,31.0,Duren Sawit,Jakarta Timur,DAERAH KHUSUS IBUKOTA JAKARTA
164,sayyidah@centrin.net.id,['8649886'],53,Rumah Sakit Khusus Ibu dan Anak,3172070,3172070003,3172,13450,-6.230402,Jl. Taman Malaka Selatan No. 6,-6.230402,106.925339,106.925339,Sayyidah,"['86902950', '8655179']",www.rsiasayyidah.moonfruit.com,3172070.0,3172.0,31.0,Duren Sawit,Jakarta Timur,DAERAH KHUSUS IBUKOTA JAKARTA
165,rsjiwaislam.yahoo.co.id,['86610234'],54,Rumah Sakit Khusus Jiwa,3172070,3172070005,3172,13460,-6.222166,Jl. Bunga Rampai X - Perumnas Klender,-6.222166,106.933098,106.933098,Islam Klender Jakarta,['86602402-8622491'],www.rsjiwaislam.com,3172070.0,3172.0,31.0,Duren Sawit,Jakarta Timur,DAERAH KHUSUS IBUKOTA JAKARTA
166,,[''],55,Rumah Sakit Bersalin,3172070,3172070007,3172,13470,-6.221622,JL. Duren Sawit Raya Blok K.3 No.1,-6.221622,106.914818,106.914818,Asta Nugraha,['8615937'],,3172070.0,3172.0,31.0,Duren Sawit,Jakarta Timur,DAERAH KHUSUS IBUKOTA JAKARTA
167,rsia_restu@yahoo.com,['80882753'],56,Rumah Sakit Khusus Ibu dan Anak,3172070,3172070007,3172,13510,-6.221622,Jl. Raya Bogor  Km. 19  No. 3.a,-6.221622,106.914818,106.914818,Restu Kasih,['8001177'],,3172070.0,3172.0,31.0,Duren Sawit,Jakarta Timur,DAERAH KHUSUS IBUKOTA JAKARTA
168,,[''],57,Rumah Sakit Bersalin,3172050,3172050003,3172,13510,-6.281852,Jl. Raya Bogor  Km.20 No.1,-6.281852,106.87146,106.87146,El Shama,"['33777772', '99777772', '99777773']",,3172050.0,3172.0,31.0,Kramat Jati,Jakarta Timur,DAERAH KHUSUS IBUKOTA JAKARTA
169,,[''],58,Rumah Sakit Khusus Gigi & Mulut,3172040,3172040001,3172,13610,-6.280531,"Jl. Puntodewo  No.1, Dirgantara II  RT.001 / RW.02",-6.280531,106.882416,106.882416,TNI - AU,"['80879255', '80879256']",,3172040.0,3172.0,31.0,Makasar,Jakarta Timur,DAERAH KHUSUS IBUKOTA JAKARTA
170,sophia1607@yahoo.com,[''],59,Rumah Sakit Khusus Otak,3172050,3172050007,3172,13630,-6.246079,Jl. M.T. Haryono  Kavling 11,-6.246079,106.870476,106.870476,Pusat Otak Nasional,[''],,3172050.0,3172.0,31.0,Kramat Jati,Jakarta Timur,DAERAH KHUSUS IBUKOTA JAKARTA
171,rskojakarta@gmail.com,['87711970'],60,Rumah Sakit Khusus Ketergantungan Obat,3172020,3172020001,3172,13720,-6.347029,Jl. LapanganTembak No. 75,-6.347029,106.873795,106.873795,Ketergantungan Obat,"['87711968', '87711969']",www.rsko-jakarta.com,3172020.0,3172.0,31.0,Ciracas,Jakarta Timur,DAERAH KHUSUS IBUKOTA JAKARTA
172,jimmyagung_27@ymail.com,"['8403869', '8404652']",61,Rumah Sakit Khusus Jantung,3172020,3172020004,3172,13750,-6.307852,Jl. TB Simatupang No. 71,-6.307852,106.870781,106.870781,Bina Waluya,"['87781605', '87781606']",www.binawaluya.com,3172020.0,3172.0,31.0,Ciracas,Jakarta Timur,DAERAH KHUSUS IBUKOTA JAKARTA
173,rsia_resti_mulya@ymail.com,['48701488'],62,Rumah Sakit Khusus Ibu dan Anak,3172080,3172080002,3172,13940,-6.20878,Jl. Pahlawan Komarudin Raya No. 5,-6.20878,106.94178,106.94178,Resti Mulya,['4802192'],,3172080.0,3172.0,31.0,Cakung,Jakarta Timur,DAERAH KHUSUS IBUKOTA JAKARTA
